episode_id,matched_constant_episode_id,family,attack_start,attack_end,duration_min,repetition_idx,rho_final,initial_reduction_pct,final_reduction_pct,mean_rho,rho_energy_equivalent,clean_energy_kwh,ramp_energy_kwh,hidden_energy_ramp_kwh,hidden_energy_ramp_pct,hidden_energy_constant_endpoint_kwh,hidden_energy_constant_equivalent_kwh,mean_reduction_kw,max_reduction_kw,ramp_max_attacked_score,ramp_max_clean_score,ramp_max_score_delta,ramp_induced_detected,ramp_n_affected_windows,ramp_first_alarm_timestamp,ramp_attack_start,ramp_attack_end,ramp_duration_min,ramp_detection_delay_min,ramp_detected_during_attack,ramp_detected_after_attack,ramp_threshold,ramp_distance_to_threshold,ramp_relative_distance_to_threshold,ramp_hidden_energy_kwh,ramp_hidden_energy_before_detection_kwh,ramp_hidden_energy_after_detection_kwh,ramp_hidden_energy_before_detection_pct,ramp_recoverable_hidden_energy_pct,endpoint_max_attacked_score,endpoint_max_clean_score,endpoint_max_score_delta,endpoint_induced_detected,endpoint_n_affected_windows,endpoint_first_alarm_timestamp,endpoint_attack_start,endpoint_attack_end,endpoint_duration_min,endpoint_detection_delay_min,endpoint_detected_during_attack,endpoint_detected_after_attack,endpoint_threshold,endpoint_distance_to_threshold,endpoint_relative_distance_to_threshold,endpoint_hidden_energy_kwh,endpoint_hidden_energy_before_detection_kwh,endpoint_hidden_energy_after_detection_kwh,endpoint_hidden_energy_before_detection_pct,endpoint_recoverable_hidden_energy_pct,equivalent_max_attacked_score,equivalent_max_clean_score,equivalent_max_score_delta,equivalent_induced_detected,equivalent_n_affected_windows,equivalent_first_alarm_timestamp,equivalent_attack_start,equivalent_attack_end,equivalent_duration_min,equivalent_detection_delay_min,equivalent_detected_during_attack,equivalent_detected_after_attack,equivalent_threshold,equivalent_distance_to_threshold,equivalent_relative_distance_to_threshold,equivalent_hidden_energy_kwh,equivalent_hidden_energy_before_detection_kwh,equivalent_hidden_energy_after_detection_kwh,equivalent_hidden_energy_before_detection_pct,equivalent_recoverable_hidden_energy_pct,n_ventanas_afectadas,pct_ventanas_delta_positivo,pct_ventanas_delta_no_positivo,media_score_delta,mediana_score_delta,suma_excesos_positivos,max_score_delta,racha_max_delta_positivo,racha_max_sobre_p75,racha_max_sobre_p80,racha_max_sobre_p90,racha_max_sobre_p95,pendiente_score,pendiente_score_delta,spearman_tiempo_score,spearman_progreso_score,timestamp_score_maximo,posicion_relativa_score_maximo,tiempo_hasta_p75_min,tiempo_hasta_p80_min,tiempo_hasta_p90_min,tiempo_hasta_p95_min,tiempo_hasta_umbral_puntual_min,grupo_temporal,grupo_temporal_descripcion
ramp_lineal__1440_0.30_37,continuous_timeline__01037,ramp_lineal,2008-12-21 01:40:00,2008-12-22 01:39:00,1440,37,0.3,0.04861111111110761,70.0,0.6497569444444445,0.6056535098538013,41.3063,25.017305574074076,16.288994425925925,39.434649014619865,28.914410000000004,16.288994425925925,0.6787081010802468,3.847001666666667,0.034258302,0.026619164,0.012678066,False,30,,2008-12-21 01:40:00,2008-12-22 01:39:00,1440,,,,0.041819351287775225,0.0075610504,0.18080266,16.288994425925925,16.288994425925925,0.0,100.0,0.0,0.068950504,0.026619164,0.04497627,True,30,2008-12-21 04:23:00,2008-12-21 01:40:00,2008-12-22 01:39:00,1440,163.0,True,False,0.041819351287775225,-0.027131151,-0.6487702,28.914409999999997,0.56098,28.353429999999996,1.940139881809797,98.05986011819019,0.027712584,0.026619164,0.0037172157,False,30,,2008-12-21 01:40:00,2008-12-22 01:39:00,1440,,,,0.041819351287775225,0.014106769,0.33732635,16.288994425925928,16.288994425925928,0.0,100.0,0.0,30,100.0,0.0,0.0025597061030566692,0.0008247368969023228,0.0767911821603775,0.01267806626856327,30,6,6,4,2,0.0002852163680552506,0.0003042994866829296,0.29699666295884314,0.29699666295884314,2008-12-22 03:23:00,0.8620689655172413,240.0,360.0,1440.0,1440.0,,D,"Tendencia creciente: >=3 ventanas evaluables, pendiente y correlacion positivas, y el score maximo cae en la 2a mitad del episodio."
ramp_lineal__1440_0.30_04,continuous_timeline__01004,ramp_lineal,2009-01-31 09:57:00,2009-02-01 09:56:00,1440,4,0.3,0.04861111111110761,70.0,0.6497569444444445,0.7164603313528505,56.97076666666667,40.81729436342593,16.15347230324074,28.353966864714955,39.87953666666667,16.15347230324074,0.6730613459683642,2.940729166666667,0.03509887,0.035696447,0.0113044465,False,30,,2009-01-31 09:57:00,2009-02-01 09:56:00,1440,,,,0.041819351287775225,0.0067204833,0.1607027,16.15347230324074,16.15347230324074,0.0,100.0,0.0,0.045502968,0.035696447,0.030184295,True,30,2009-02-01 08:23:00,2009-01-31 09:57:00,2009-02-01 09:56:00,1440,1346.0,True,False,0.041819351287775225,-0.0036836155,-0.08808399,39.87953666666667,38.46689,1.4126466666666673,96.45771544821525,3.542284551784747,0.034886133,0.035696447,0.0030967956,False,30,,2009-01-31 09:57:00,2009-02-01 09:56:00,1440,,,,0.041819351287775225,0.0069332197,0.16578974,16.15347230324074,16.15347230324074,0.0,100.0,0.0,30,56.666666666666664,43.333333333333336,0.0023042347747832537,0.00015568872913718224,0.07340851426124573,0.011304446496069431,14,6,5,4,2,0.00013675116959781028,0.00029827652414131487,0.20756395995550608,0.20756395995550608,2009-01-31 18:23:00,0.27586206896551724,360.0,360.0,420.0,420.0,,C,"Respuesta persistente: racha maxima >= 2 ventanas, sin tendencia creciente clara."
ramp_lineal__1440_0.30_21,continuous_timeline__01021,ramp_lineal,2009-01-10 22:54:00,2009-01-11 22:53:00,1440,21,0.3,0.04861111111110761,70.0,0.6497569444444445,0.5470530202730669,34.24503333333334,18.733848914351857,15.511184418981482,45.2946979726933,23.971523333333337,15.511184418981482,0.6462993507908951,3.9645083333333333,0.041184705,0.03829096,0.0030341335,False,30,,2009-01-10 22:54:00,2009-01-11 22:53:00,1440,,,,0.041819351287775225,0.0006346479,0.015175938,15.51118441898148,15.51118441898148,0.0,100.0,0.0,0.06340666,0.03829096,0.036823742,True,30,2009-01-11 02:23:00,2009-01-10 22:54:00,2009-01-11 22:53:00,1440,209.0,True,False,0.041819351287775225,-0.021587308,-0.5162038,23.971523333333334,2.399553333333334,21.57197,10.01001605098939,89.98998394901061,0.04320141,0.03829096,0.005533496,True,30,2009-01-11 13:23:00,2009-01-10 22:54:00,2009-01-11 22:53:00,1440,869.0,True,False,0.041819351287775225,-0.0013820566,-0.033048254,15.511184418981482,6.1040040881960955,9.407180330785387,39.3522759018096,60.6477240981904,30,93.33333333333333,6.666666666666667,0.0012473724782466888,0.001416957937180996,0.04176434129476547,0.0030341334640979767,20,17,11,7,5,-0.00023296048265940929,3.7789677535996945e-05,-0.3993325917686318,-0.3993325917686318,2009-01-11 13:23:00,0.4827586206896552,180.0,240.0,540.0,840.0,,C,"Respuesta persistente: racha maxima >= 2 ventanas, sin tendencia creciente clara."
ramp_lineal__1440_0.30_26,continuous_timeline__01026,ramp_lineal,2009-01-12 23:42:00,2009-01-13 23:41:00,1440,26,0.3,0.04861111111110761,70.0,0.6497569444444445,0.5819792479514437,36.02446666666666,20.96549201851852,15.05897464814814,41.80207520485562,25.217126666666662,15.05897464814814,0.6274572770061728,2.420546527777778,0.017228639,0.017024467,0.0040065814,False,30,,2009-01-12 23:42:00,2009-01-13 23:41:00,1440,,,,0.041819351287775225,0.024590714,0.58802235,15.058974648148148,15.058974648148148,0.0,100.0,0.0,0.045365307,0.017024467,0.033122785,True,30,2009-01-13 05:23:00,2009-01-12 23:42:00,2009-01-13 23:41:00,1440,341.0,True,False,0.041819351287775225,-0.0035459548,-0.0847922,25.217126666666665,1.8114833333333336,23.40564333333333,7.183543776729521,92.81645622327046,0.01975892,0.017024467,0.0040590484,False,30,,2009-01-12 23:42:00,2009-01-13 23:41:00,1440,,,,0.041819351287775225,0.022060433,0.5275173,15.058974648148148,15.058974648148148,0.0,100.0,0.0,30,100.0,0.0,0.0016821700846776366,0.0014831074513494968,0.05046510323882103,0.0040065813809633255,30,0,0,0,0,-9.903733549148567e-05,0.00010405626247437036,-0.385539488320356,-0.385539488320356,2009-01-13 08:23:00,0.27586206896551724,,,,,,C,"Respuesta persistente: racha maxima >= 2 ventanas, sin tendencia creciente clara."
ramp_lineal__1440_0.30_18,continuous_timeline__01018,ramp_lineal,2008-12-30 21:23:00,2008-12-31 21:22:00,1440,18,0.3,0.04861111111110761,70.0,0.6497569444444445,0.5255971228703402,31.402600000000007,16.505116210648147,14.89748378935186,47.44028771296598,21.981820000000006,14.89748378935186,0.6207284912229938,3.5741066666666668,0.02038516,0.020639786,0.009693538,False,30,,2008-12-30 21:23:00,2008-12-31 21:22:00,1440,,,,0.041819351287775225,0.021434193,0.5125424,14.897483789351849,14.897483789351849,0.0,100.0,0.0,0.082123496,0.020639786,0.06621264,True,30,2008-12-31 02:23:00,2008-12-30 21:23:00,2008-12-31 21:22:00,1440,300.0,True,False,0.041819351287775225,-0.040304143,-0.96376777,21.981820000000003,1.4467366666666666,20.535083333333336,6.58151448181573,93.41848551818427,0.027191559,0.020639786,0.0092423335,False,30,,2008-12-30 21:23:00,2008-12-31 21:22:00,1440,,,,0.041819351287775225,0.014627794,0.34978527,14.897483789351856,14.897483789351856,0.0,100.0,0.0,30,80.0,20.0,0.0020930760074406862,0.0010965922847390175,0.06726819276809692,0.009693537838757038,18,0,0,0,0,3.0844628570541027e-05,0.00024062506077568714,0.011790878754171301,0.011790878754171301,2008-12-31 09:23:00,0.41379310344827586,,,,,,C,"Respuesta persistente: racha maxima >= 2 ventanas, sin tendencia creciente clara."
ramp_lineal__1440_0.30_27,continuous_timeline__01027,ramp_lineal,2009-03-27 20:49:00,2009-03-28 20:48:00,1440,27,0.3,0.04861111111110761,70.0,0.6497569444444445,0.5740780090541091,34.79083333333333,19.972652333333333,14.818181,42.59219909458909,24.353583333333333,14.818181,0.6174242083333333,4.342609444444444,0.026165592,0.023270324,0.006574829,False,30,,2009-03-27 20:49:00,2009-03-28 20:48:00,1440,,,,0.041819351287775225,0.015653761,0.3743186,14.818181000000001,14.818181000000001,0.0,100.0,0.0,0.047570016,0.023270324,0.030524813,True,30,2009-03-28 04:23:00,2009-03-27 20:49:00,2009-03-28 20:48:00,1440,454.0,True,False,0.041819351287775225,-0.0057506636,-0.13751201,24.353583333333336,4.4974300000000005,19.856153333333335,18.467220771755013,81.53277922824498,0.024191203,0.023270324,0.0063416334,False,30,,2009-03-27 20:49:00,2009-03-28 20:48:00,1440,,,,0.041819351287775225,0.01762815,0.4215309,14.818181000000001,14.818181000000001,0.0,100.0,0.0,30,100.0,0.0,0.0024214456789195538,0.0019843378104269505,0.07264336943626404,0.006574829109013081,30,1,1,0,0,0.00029063408322077013,0.00014833505011606005,0.667630700778643,0.667630700778643,2009-03-29 02:23:00,1.0,1740.0,1740.0,,,,D,"Tendencia creciente: >=3 ventanas evaluables, pendiente y correlacion positivas, y el score maximo cae en la 2a mitad del episodio."
ramp_lineal__1440_0.50_20,continuous_timeline__01720,ramp_lineal,2009-01-17 00:54:00,2009-01-18 00:53:00,1440,20,0.5,0.03472222222222765,50.0,0.7498263888888889,0.7315989786478609,54.3507,39.7629166087963,14.5877833912037,26.840102135213897,27.17535,14.5877833912037,0.6078243079668211,2.760417361111111,0.021486897,0.022551203,0.0020296453,False,30,,2009-01-17 00:54:00,2009-01-18 00:53:00,1440,,,,0.041819351287775225,0.020332456,0.4861973,14.587783391203706,14.587783391203706,0.0,100.0,0.0,0.021635998,0.022551203,0.006621439,False,30,,2009-01-17 00:54:00,2009-01-18 00:53:00,1440,,,,0.041819351287775225,0.020183355,0.48263192,27.17535,27.17535,0.0,100.0,0.0,0.021791497,0.022551203,0.0013560965,False,30,,2009-01-17 00:54:00,2009-01-18 00:53:00,1440,,,,0.041819351287775225,0.020027855,0.47891358,14.587783391203706,14.587783391203706,0.0,100.0,0.0,30,73.33333333333333,26.666666666666668,0.0003077406727243215,0.0001495408359915018,0.01409126352518797,0.0020296452566981316,12,0,0,0,0,0.000163350797758683,4.830584758778701e-05,0.35261401557285876,0.35261401557285876,2009-01-17 17:23:00,0.5517241379310345,,,,,,D,"Tendencia creciente: >=3 ventanas evaluables, pendiente y correlacion positivas, y el score maximo cae en la 2a mitad del episodio."
ramp_lineal__1440_0.30_29,continuous_timeline__01029,ramp_lineal,2009-04-16 08:21:00,2009-04-17 08:20:00,1440,29,0.3,0.04861111111110761,70.0,0.6497569444444445,0.598825706907547,34.59656666666667,20.717313490740743,13.879253175925925,40.1174293092453,24.217596666666665,13.879253175925921,0.5783022156635801,4.679993888888889,0.029577268,0.028159507,0.011258882,False,30,,2009-04-16 08:21:00,2009-04-17 08:20:00,1440,,,,0.041819351287775225,0.012242084,0.2927373,13.879253175925923,13.879253175925923,0.0,100.0,0.0,0.04236913,0.028159507,0.017363278,True,30,2009-04-16 20:23:00,2009-04-16 08:21:00,2009-04-17 08:20:00,1440,722.0,True,False,0.041819351287775225,-0.00054977834,-0.013146506,24.217596666666665,8.950130000000001,15.267466666666664,36.95713543829495,63.04286456170506,0.026825907,0.028159507,0.0024975715,False,30,,2009-04-16 08:21:00,2009-04-17 08:20:00,1440,,,,0.041819351287775225,0.014993446,0.35852888,13.879253175925925,13.879253175925925,0.0,99.99999999999999,0.0,30,86.66666666666667,13.333333333333334,0.0029006758704781532,0.0014341874048113823,0.08721929788589478,0.011258881539106369,24,3,3,1,0,4.765445095081854e-05,0.0002443731263139026,0.15150166852057842,0.15150166852057842,2009-04-16 20:23:00,0.41379310344827586,720.0,720.0,720.0,,,C,"Respuesta persistente: racha maxima >= 2 ventanas, sin tendencia creciente clara."
ramp_lineal__1440_0.30_33,continuous_timeline__01033,ramp_lineal,2009-04-08 23:34:00,2009-04-09 23:33:00,1440,33,0.3,0.04861111111110761,70.0,0.6497569444444445,0.5798524608746384,31.49373333333334,18.261718775462963,13.232014557870375,42.014753912536165,22.045613333333343,13.232014557870379,0.5513339399112654,3.75389,0.03185932,0.024650754,0.0072085653,False,30,,2009-04-08 23:34:00,2009-04-09 23:33:00,1440,,,,0.041819351287775225,0.009960033,0.23816803,13.23201455787037,13.23201455787037,0.0,100.0,0.0,0.043595504,0.024650754,0.024176767,True,30,2009-04-09 06:23:00,2009-04-08 23:34:00,2009-04-09 23:33:00,1440,409.0,True,False,0.041819351287775225,-0.0017761514,-0.042471994,22.045613333333336,2.3500400000000004,19.695573333333336,10.65989847715736,89.34010152284264,0.029882113,0.024650754,0.005231358,False,30,,2009-04-08 23:34:00,2009-04-09 23:33:00,1440,,,,0.041819351287775225,0.01193724,0.28544775,13.232014557870372,13.232014557870372,0.0,99.99999999999999,0.0,30,90.0,10.0,0.0016856011934578419,0.0011875256896018982,0.051521845161914825,0.007208565250039101,18,4,1,1,0,0.00014024620929585778,0.00011349976222311562,0.17285873192436038,0.17285873192436038,2009-04-09 20:23:00,0.6896551724137931,1080.0,1080.0,1200.0,,,D,"Tendencia creciente: >=3 ventanas evaluables, pendiente y correlacion positivas, y el score maximo cae en la 2a mitad del episodio."
ramp_lineal__1440_0.30_42,continuous_timeline__01042,ramp_lineal,2009-05-15 20:40:00,2009-05-16 20:39:00,1440,42,0.3,0.04861111111110761,70.0,0.6497569444444445,0.5692274603865712,30.010866666666665,17.083009416666666,12.927857249999999,43.07725396134289,21.007606666666664,12.927857249999992,0.53866071875,3.612,0.03217863,0.028768776,0.011211974,False,30,,2009-05-15 20:40:00,2009-05-16 20:39:00,1440,,,,0.041819351287775225,0.0096407235,0.23053259,12.927857249999999,12.927857249999999,0.0,100.0,0.0,0.12173625,0.028768776,0.09296747,True,30,2009-05-16 02:23:00,2009-05-15 20:40:00,2009-05-16 20:39:00,1440,343.0,True,False,0.041819351287775225,-0.079916894,-1.9110026,21.007606666666668,2.871656666666667,18.13595,13.669604121173887,86.33039587882611,0.040942214,0.028768776,0.012173438,False,30,,2009-05-15 20:40:00,2009-05-16 20:39:00,1440,,,,0.041819351287775225,0.0008771382,0.020974457,12.927857249999995,12.927857249999995,0.0,100.0,0.0,30,100.0,0.0,0.003120940877124667,0.0023671183735132217,0.09362822771072388,0.011211973614990711,30,8,7,2,0,-0.0001330719535571589,0.0002522019537847419,-0.21913236929922134,-0.21913236929922134,2009-05-16 08:23:00,0.3793103448275862,360.0,420.0,660.0,,,C,"Respuesta persistente: racha maxima >= 2 ventanas, sin tendencia creciente clara."
ramp_lineal__1440_0.30_34,continuous_timeline__01034,ramp_lineal,2009-01-08 22:42:00,2009-01-09 22:41:00,1440,34,0.3,0.04861111111110761,70.0,0.6497569444444445,0.5669444502729676,29.78646666666667,16.88727196990741,12.89919469675926,43.305554972703234,20.85052666666667,12.899194696759263,0.5374664456983024,3.1113347222222223,0.021776533,0.019079113,0.0040273406,False,30,,2009-01-08 22:42:00,2009-01-09 22:41:00,1440,,,,0.041819351287775225,0.02004282,0.4792714,12.899194696759258,12.899194696759258,0.0,100.0,0.0,0.0430598,0.019079113,0.026217468,True,30,2009-01-09 07:23:00,2009-01-08 22:42:00,2009-01-09 22:41:00,1440,521.0,True,False,0.041819351287775225,-0.0012404472,-0.029662037,20.850526666666667,4.389373333333334,16.461153333333332,21.051618520267596,78.9483814797324,0.021190815,0.019079113,0.0033061747,False,30,,2009-01-08 22:42:00,2009-01-09 22:41:00,1440,,,,0.041819351287775225,0.020628538,0.4932773,12.89919469675926,12.89919469675926,0.0,100.0,0.0,30,50.0,50.0,0.0006280923262238503,2.3012980818748474e-06,0.02927766554057598,0.0040273405611515045,12,0,0,0,0,3.840796052746523e-05,0.00012653886451405603,0.10211345939933258,0.10211345939933258,2009-01-09 17:23:00,0.6206896551724138,,,,,,D,"Tendencia creciente: >=3 ventanas evaluables, pendiente y correlacion positivas, y el score maximo cae en la 2a mitad del episodio."
ramp_lineal__1440_0.30_11,continuous_timeline__01011,ramp_lineal,2009-10-02 21:04:00,2009-10-03 21:03:00,1440,11,0.3,0.04861111111110761,70.0,0.6497569444444445,0.5409562086762102,27.55956666666667,14.908518696759261,12.651047969907408,45.904379132378985,19.29169666666667,12.651047969907408,0.5271269987461419,3.317552777777778,0.039071184,0.034513697,0.0057387026,False,30,,2009-10-02 21:04:00,2009-10-03 21:03:00,1440,,,,0.041819351287775225,0.002748169,0.065715246,12.651047969907406,12.651047969907406,0.0,100.0,0.0,0.11885088,0.034513697,0.09222654,True,30,2009-10-02 23:23:00,2009-10-02 21:04:00,2009-10-03 21:03:00,1440,139.0,True,False,0.041819351287775225,-0.07703152,-1.8420066,19.291696666666667,0.8018966666666667,18.4898,4.156693320044945,95.84330667995505,0.04377738,0.034513697,0.017153045,True,30,2009-10-03 04:23:00,2009-10-02 21:04:00,2009-10-03 21:03:00,1440,439.0,True,False,0.041819351287775225,-0.0019580275,-0.046821084,12.651047969907406,1.1617633285419582,11.489284641365447,9.183139067256743,90.81686093274325,30,90.0,10.0,0.002331308089196682,0.0022954707965254784,0.07050096988677979,0.005738702602684498,25,9,9,6,4,-0.00017967228554976563,0.00015652938222759162,-0.31657397107897667,-0.31657397107897667,2009-10-03 15:23:00,0.6206896551724138,0.0,0.0,420.0,960.0,,C,"Respuesta persistente: racha maxima >= 2 ventanas, sin tendencia creciente clara."
ramp_lineal__1440_0.30_41,continuous_timeline__01041,ramp_lineal,2009-10-23 12:13:00,2009-10-24 12:12:00,1440,41,0.3,0.04861111111110761,70.0,0.6497569444444445,0.6479968503746364,35.03003333333333,22.69935126851852,12.330682064814809,35.20031496253637,24.52102333333333,12.330682064814802,0.5137784193672839,3.414522222222222,0.039633144,0.040041663,0.010536581,False,30,,2009-10-23 12:13:00,2009-10-24 12:12:00,1440,,,,0.041819351287775225,0.002186209,0.052277446,12.330682064814814,12.330682064814814,0.0,100.0,0.0,0.06321497,0.040041663,0.04332319,True,30,2009-10-23 16:23:00,2009-10-23 12:13:00,2009-10-24 12:12:00,1440,250.0,True,False,0.041819351287775225,-0.02139562,-0.51162004,24.521023333333332,5.058106666666666,19.462916666666665,20.62763285980316,79.37236714019684,0.03945323,0.040041663,0.0045546126,False,30,,2009-10-23 12:13:00,2009-10-24 12:12:00,1440,,,,0.041819351287775225,0.0023661219,0.05657959,12.330682064814807,12.330682064814807,0.0,100.0,0.0,30,83.33333333333334,16.666666666666664,0.0027759030926972628,0.0009998148307204247,0.0846807211637497,0.01053658127784729,21,6,6,6,4,0.00013808624568220173,0.0002648571885301752,0.207119021134594,0.207119021134594,2009-10-23 18:23:00,0.20689655172413793,180.0,180.0,180.0,240.0,,C,"Respuesta persistente: racha maxima >= 2 ventanas, sin tendencia creciente clara."
ramp_lineal__1440_0.30_43,continuous_timeline__01043,ramp_lineal,2009-04-30 05:28:00,2009-05-01 05:27:00,1440,43,0.3,0.04861111111110761,70.0,0.6497569444444445,0.6504586111307051,34.02426666666666,22.131377240740743,11.892889425925919,34.954138886929485,23.816986666666665,11.892889425925919,0.49553705941358017,2.181684166666667,0.03432708,0.021771222,0.023364615,False,30,,2009-04-30 05:28:00,2009-05-01 05:27:00,1440,,,,0.041819351287775225,0.007492274,0.17915806,11.892889425925924,11.892889425925924,0.0,99.99999999999999,0.0,0.03325019,0.021771222,0.018638536,False,30,,2009-04-30 05:28:00,2009-05-01 05:27:00,1440,,,,0.041819351287775225,0.008569162,0.20490901,23.81698666666667,23.81698666666667,0.0,99.99999999999999,0.0,0.022684261,0.021771222,0.002359339,False,30,,2009-04-30 05:28:00,2009-05-01 05:27:00,1440,,,,0.041819351287775225,0.019135091,0.45756546,11.892889425925919,11.892889425925919,0.0,100.0,0.0,30,100.0,0.0,0.005154936108738184,0.0012508714571595192,0.1546480804681778,0.023364614695310593,30,6,5,5,1,0.0005256924788582575,0.0005594935705336237,0.5381535038932147,0.5381535038932147,2009-05-01 07:23:00,0.8620689655172413,1380.0,1380.0,1380.0,1500.0,,D,"Tendencia creciente: >=3 ventanas evaluables, pendiente y correlacion positivas, y el score maximo cae en la 2a mitad del episodio."
ramp_lineal__1440_0.30_49,continuous_timeline__01049,ramp_lineal,2009-01-28 06:51:00,2009-01-29 06:50:00,1440,49,0.3,0.04861111111110761,70.0,0.6497569444444445,0.7277819013010789,42.58090000000001,30.989608361111113,11.591291638888894,27.22180986989212,29.806630000000006,11.591291638888901,0.4829704849537036,3.1897599999999997,0.033918276,0.022679549,0.013791988,False,30,,2009-01-28 06:51:00,2009-01-29 06:50:00,1440,,,,0.041819351287775225,0.007901076,0.18893349,11.591291638888887,11.591291638888887,0.0,99.99999999999999,0.0,0.06966487,0.022679549,0.048104793,True,30,2009-01-29 02:23:00,2009-01-28 06:51:00,2009-01-29 06:50:00,1440,1172.0,True,False,0.041819351287775225,-0.02784552,-0.6658525,29.806630000000002,28.20815666666667,1.598473333333331,94.6371886612699,5.362811338730111,0.021951254,0.022679549,0.00094289426,False,30,,2009-01-28 06:51:00,2009-01-29 06:50:00,1440,,,,0.041819351287775225,0.019868098,0.4750934,11.59129163888889,11.59129163888889,0.0,100.0,0.0,30,80.0,20.0,0.003264057682827115,0.00029602739959955215,0.0987820103764534,0.013791987672448158,14,7,7,5,2,0.0005053898155921291,0.000386478212890987,0.52880978865406,0.52880978865406,2009-01-29 06:23:00,0.7931034482758621,1200.0,1200.0,1260.0,1380.0,,D,"Tendencia creciente: >=3 ventanas evaluables, pendiente y correlacion positivas, y el score maximo cae en la 2a mitad del episodio."
ramp_lineal__0720_0.30_24,continuous_timeline__00974,ramp_lineal,2009-02-07 15:26:00,2009-02-08 03:25:00,720,24,0.3,0.09722222222222632,70.0,0.649513888888889,0.6815441922734248,35.76276666666667,24.373905921296295,11.388860745370376,31.845580772657524,25.03393666666667,11.38886074537038,0.949071728780864,3.206058333333333,0.021207007,0.021182608,0.005547285,False,18,,2009-02-07 15:26:00,2009-02-08 03:25:00,720,,,,0.041819351287775225,0.020612346,0.49289012,11.38886074537037,11.38886074537037,0.0,100.0,0.0,0.022930346,0.021182608,0.0042019356,False,18,,2009-02-07 15:26:00,2009-02-08 03:25:00,720,,,,0.041819351287775225,0.018889006,0.451681,25.033936666666666,25.033936666666666,0.0,99.99999999999999,0.0,0.0214953,0.021182608,0.0006438419,False,18,,2009-02-07 15:26:00,2009-02-08 03:25:00,720,,,,0.041819351287775225,0.020324053,0.48599637,11.388860745370375,11.388860745370375,0.0,100.0,0.0,18,61.111111111111114,38.88888888888889,0.001558992313221097,2.717645838856697e-05,0.028653746470808983,0.005547285079956055,9,0,0,0,0,-6.083989183354036e-05,0.00027692108775486144,-0.11042311661506708,-0.11042311661506708,2009-02-07 17:23:00,0.058823529411764705,,,,,,C,"Respuesta persistente: racha maxima >= 2 ventanas, sin tendencia creciente clara."
ramp_lineal__1440_0.30_25,continuous_timeline__01025,ramp_lineal,2009-01-04 22:50:00,2009-01-05 22:49:00,1440,25,0.3,0.04861111111110761,70.0,0.6497569444444445,0.57525072102013,26.772766666666666,15.401053328703703,11.371713337962962,42.474927897986994,18.740936666666663,11.371713337962964,0.47382138908179006,3.4731472222222224,0.018279716,0.0181751,0.0034568692,False,30,,2009-01-04 22:50:00,2009-01-05 22:49:00,1440,,,,0.041819351287775225,0.023539636,0.56288856,11.371713337962962,11.371713337962962,0.0,100.0,0.0,0.03728656,0.0181751,0.022607211,False,30,,2009-01-04 22:50:00,2009-01-05 22:49:00,1440,,,,0.041819351287775225,0.0045327917,0.10838981,18.740936666666666,18.740936666666666,0.0,100.0,0.0,0.01754683,0.0181751,0.003293151,False,30,,2009-01-04 22:50:00,2009-01-05 22:49:00,1440,,,,0.041819351287775225,0.024272522,0.58041364,11.371713337962964,11.371713337962964,0.0,100.00000000000001,0.0,30,76.66666666666667,23.333333333333332,0.0007294563110917807,0.0005937323439866304,0.025123417377471924,0.003456869162619114,20,0,0,0,0,-3.647508909791184e-05,8.421881835041643e-05,-0.19866518353726362,-0.19866518353726362,2009-01-05 01:23:00,0.06896551724137931,,,,,,C,"Respuesta persistente: racha maxima >= 2 ventanas, sin tendencia creciente clara."
ramp_lineal__1440_0.30_17,continuous_timeline__01017,ramp_lineal,2009-06-13 14:13:00,2009-06-14 14:12:00,1440,17,0.3,0.04861111111110761,70.0,0.6497569444444445,0.6108757507255431,28.57565880217786,17.456177023257375,11.119481778920484,38.91242492744568,20.002961161524503,11.119481778920484,0.46331174078835335,1.1110278886872351,0.027160963,0.016592339,0.026924215,False,30,,2009-06-13 14:13:00,2009-06-14 14:12:00,1440,,,,0.041819351287775225,0.01465839,0.3505169,11.11948177892048,11.11948177892048,0.0,100.0,0.0,0.017374257,0.016592339,0.014363912,False,30,,2009-06-13 14:13:00,2009-06-14 14:12:00,1440,,,,0.041819351287775225,0.024445096,0.5845403,20.002961161524503,20.002961161524503,0.0,100.0,0.0,0.031642478,0.016592339,0.029472781,False,30,,2009-06-13 14:13:00,2009-06-14 14:12:00,1440,,,,0.041819351287775225,0.010176875,0.24335323,11.119481778920484,11.119481778920484,0.0,99.99999999999999,0.0,30,96.66666666666667,3.3333333333333335,0.010737331584095955,0.008685048669576645,0.3221209645271301,0.026924215257167816,29,2,2,0,0,0.0003147325767525309,0.0006452513242283375,0.4353726362625139,0.4353726362625139,2009-06-14 14:23:00,0.8275862068965517,1380.0,1380.0,,,,D,"Tendencia creciente: >=3 ventanas evaluables, pendiente y correlacion positivas, y el score maximo cae en la 2a mitad del episodio."
ramp_lineal__1440_0.30_45,continuous_timeline__01045,ramp_lineal,2009-02-09 15:21:00,2009-02-10 15:20:00,1440,45,0.3,0.04861111111110761,70.0,0.6497569444444445,0.6079437416608439,27.76393333333333,16.87890951388889,10.885023819444442,39.20562583391561,19.43475333333333,10.885023819444438,0.4535426591435185,2.143672222222222,0.019175312,0.015898867,0.012336978,False,30,,2009-02-09 15:21:00,2009-02-10 15:20:00,1440,,,,0.041819351287775225,0.022644041,0.5414728,10.885023819444445,10.885023819444445,0.0,100.0,0.0,0.07150282,0.015898867,0.055792063,True,30,2009-02-10 02:23:00,2009-02-09 15:21:00,2009-02-10 15:20:00,1440,662.0,True,False,0.041819351287775225,-0.029683467,-0.70980215,19.434753333333333,7.748393333333334,11.686359999999999,39.868750585291714,60.13124941470829,0.021355838,0.015898867,0.006546801,False,30,,2009-02-09 15:21:00,2009-02-10 15:20:00,1440,,,,0.041819351287775225,0.020463515,0.48933122,10.885023819444443,10.885023819444443,0.0,100.0,0.0,30,93.33333333333333,6.666666666666667,0.00338407838717103,0.002070083748549223,0.1015276238322258,0.012336977757513523,28,0,0,0,0,0.0002083935043479295,0.0003266982903063828,0.48476084538375974,0.48476084538375974,2009-02-10 07:23:00,0.5517241379310345,,,,,,D,"Tendencia creciente: >=3 ventanas evaluables, pendiente y correlacion positivas, y el score maximo cae en la 2a mitad del episodio."
ramp_lineal__1440_0.30_40,continuous_timeline__01040,ramp_lineal,2009-08-29 18:28:00,2009-08-30 18:27:00,1440,40,0.3,0.04861111111110761,70.0,0.6497569444444445,0.6000118142352592,26.493266666666667,15.896272997685184,10.596993668981483,39.998818576474086,18.545286666666666,10.596993668981485,0.44154140287422844,4.278312499999999,0.031166151,0.032198563,0.0054126643,False,30,,2009-08-29 18:28:00,2009-08-30 18:27:00,1440,,,,0.041819351287775225,0.0106532015,0.25474334,10.596993668981481,10.596993668981481,0.0,100.0,0.0,0.07273007,0.032198563,0.043828048,True,30,2009-08-30 02:23:00,2009-08-29 18:28:00,2009-08-30 18:27:00,1440,475.0,True,False,0.041819351287775225,-0.03091072,-0.7391487,18.545286666666666,5.28759,13.257696666666666,28.51177280264923,71.48822719735077,0.03179324,0.032198563,0.00396646,False,30,,2009-08-29 18:28:00,2009-08-30 18:27:00,1440,,,,0.041819351287775225,0.010026112,0.23974815,10.596993668981481,10.596993668981481,0.0,100.0,0.0,30,80.0,20.0,0.0014072263147681952,0.0008945418521761894,0.046182554215192795,0.0054126642644405365,13,13,6,5,0,0.000134299481670901,0.00015618596909706538,0.1604004449388209,0.1604004449388209,2009-08-30 06:23:00,0.3793103448275862,420.0,420.0,540.0,,,C,"Respuesta persistente: racha maxima >= 2 ventanas, sin tendencia creciente clara."
ramp_lineal__1440_0.30_13,continuous_timeline__01013,ramp_lineal,2009-04-09 04:26:00,2009-04-10 04:25:00,1440,13,0.3,0.04861111111110761,70.0,0.6497569444444445,0.6723270116431226,31.977866666666667,21.49958353472222,10.478283131944448,32.76729883568775,22.384506666666667,10.478283131944448,0.4365951304976851,2.92096,0.033631,0.024650754,0.011604443,False,30,,2009-04-09 04:26:00,2009-04-10 04:25:00,1440,,,,0.041819351287775225,0.008188352,0.19580294,10.478283131944442,10.478283131944442,0.0,100.0,0.0,0.043595504,0.024650754,0.022874935,True,30,2009-04-09 20:23:00,2009-04-09 04:26:00,2009-04-10 04:25:00,1440,957.0,True,False,0.041819351287775225,-0.0017761514,-0.042471994,22.384506666666663,15.59831,6.7861966666666635,69.68351026126405,30.31648973873595,0.028215583,0.024650754,0.003564829,False,30,,2009-04-09 04:26:00,2009-04-10 04:25:00,1440,,,,0.041819351287775225,0.013603769,0.32529843,10.478283131944444,10.478283131944444,0.0,100.00000000000001,0.0,30,86.66666666666667,13.333333333333334,0.0032020288053900003,0.0014370949938893318,0.09670845419168472,0.011604443192481995,25,6,6,5,1,0.0005188973120168197,0.0003355380878043056,0.6947719688542825,0.6947719688542825,2009-04-10 07:23:00,0.896551724137931,900.0,900.0,1440.0,1560.0,,D,"Tendencia creciente: >=3 ventanas evaluables, pendiente y correlacion positivas, y el score maximo cae en la 2a mitad del episodio."
ramp_lineal__1440_0.50_38,continuous_timeline__01738,ramp_lineal,2008-12-16 21:45:00,2008-12-17 21:44:00,1440,38,0.5,0.03472222222222765,50.0,0.7498263888888889,0.6873647268703673,33.1554,22.789852465277775,10.365547534722225,31.263527312963273,16.5777,10.365547534722221,0.4318978139467593,2.2697909722222223,0.017802522,0.01767286,0.0023767333,False,30,,2008-12-16 21:45:00,2008-12-17 21:44:00,1440,,,,0.041819351287775225,0.024016831,0.57429945,10.365547534722223,10.365547534722223,0.0,100.0,0.0,0.019180533,0.01767286,0.0050387187,False,30,,2008-12-16 21:45:00,2008-12-17 21:44:00,1440,,,,0.041819351287775225,0.02263882,0.5413479,16.5777,16.5777,0.0,100.0,0.0,0.01896788,0.01767286,0.0019083358,False,30,,2008-12-16 21:45:00,2008-12-17 21:44:00,1440,,,,0.041819351287775225,0.022851473,0.546433,10.365547534722225,10.365547534722225,0.0,100.0,0.0,30,86.66666666666667,13.333333333333334,0.0005968499463051558,0.0004947572015225887,0.018460875377058983,0.002376733347773552,19,0,0,0,0,-4.549925987328404e-06,5.1460339085875425e-05,0.05005561735261402,0.05005561735261402,2008-12-18 00:23:00,0.896551724137931,,,,,,C,"Respuesta persistente: racha maxima >= 2 ventanas, sin tendencia creciente clara."
ramp_lineal__1440_0.30_05,continuous_timeline__01005,ramp_lineal,2009-11-15 23:46:00,2009-11-16 23:45:00,1440,5,0.3,0.04861111111110761,70.0,0.6497569444444445,0.591376145363621,25.283900000000003,14.95229532175926,10.331604678240742,40.86238546363789,17.698730000000005,10.331604678240746,0.43048352826003083,2.4036133333333334,0.028260468,0.028616905,0.0077158213,False,30,,2009-11-15 23:46:00,2009-11-16 23:45:00,1440,,,,0.041819351287775225,0.013558885,0.32422513,10.33160467824074,10.33160467824074,0.0,100.0,0.0,0.068490505,0.028616905,0.05075899,True,30,2009-11-16 03:23:00,2009-11-15 23:46:00,2009-11-16 23:45:00,1440,217.0,True,False,0.041819351287775225,-0.026671153,-0.6377706,17.69873,0.9334966666666666,16.765233333333335,5.2743709106058265,94.72562908939418,0.03094886,0.028616905,0.0052290484,False,30,,2009-11-15 23:46:00,2009-11-16 23:45:00,1440,,,,0.041819351287775225,0.010870492,0.25993928,10.331604678240742,10.331604678240742,0.0,100.0,0.0,30,83.33333333333334,16.666666666666664,0.0022675280924886465,0.001518158707767725,0.06971176713705063,0.007715821266174316,21,6,3,0,0,-0.00016736783215711914,0.0002262144112281991,-0.4042269187986652,-0.4042269187986652,2009-11-16 04:23:00,0.13793103448275862,0.0,180.0,,,,C,"Respuesta persistente: racha maxima >= 2 ventanas, sin tendencia creciente clara."
ramp_lineal__1440_0.50_12,continuous_timeline__01712,ramp_lineal,2009-11-01 01:03:00,2009-11-02 01:02:00,1440,12,0.5,0.03472222222222765,50.0,0.7498263888888889,0.6801888278013559,31.769833333333334,21.609485694444444,10.16034763888889,31.98111721986441,15.884916666666667,10.160347638888886,0.42334781828703705,2.3055444444444446,0.031455558,0.03030978,0.0022643367,False,30,,2009-11-01 01:03:00,2009-11-02 01:02:00,1440,,,,0.041819351287775225,0.010363795,0.24782294,10.160347638888888,10.160347638888888,0.0,100.0,0.0,0.04053353,0.03030978,0.011839803,False,30,,2009-11-01 01:03:00,2009-11-02 01:02:00,1440,,,,0.041819351287775225,0.0012858212,0.030747037,15.884916666666667,15.884916666666667,0.0,100.0,0.0,0.034797,0.03030978,0.0068889502,False,30,,2009-11-01 01:03:00,2009-11-02 01:02:00,1440,,,,0.041819351287775225,0.007022351,0.16792108,10.16034763888889,10.16034763888889,0.0,100.0,0.0,30,96.66666666666667,3.3333333333333335,0.000966355437412858,0.0010934015735983849,0.029853258281946182,0.002264336682856083,23,6,5,2,0,-0.0002546740617101664,6.121113063462983e-05,-0.3913236929922136,-0.3913236929922136,2009-11-01 14:23:00,0.4482758620689655,540.0,540.0,600.0,,,C,"Respuesta persistente: racha maxima >= 2 ventanas, sin tendencia creciente clara."
ramp_lineal__1440_0.30_15,continuous_timeline__01015,ramp_lineal,2009-10-16 12:47:00,2009-10-17 12:46:00,1440,15,0.3,0.04861111111110761,70.0,0.6497569444444445,0.6057474082524162,25.743033333333333,15.593775722222226,10.149257611111107,39.425259174758374,18.020123333333334,10.149257611111107,0.42288573379629624,2.9202249999999994,0.031116743,0.027867727,0.0063743414,False,30,,2009-10-16 12:47:00,2009-10-17 12:46:00,1440,,,,0.041819351287775225,0.01070261,0.25592482,10.149257611111109,10.149257611111109,0.0,100.0,0.0,0.06870161,0.027867727,0.04721915,True,30,2009-10-17 00:23:00,2009-10-16 12:47:00,2009-10-17 12:46:00,1440,696.0,True,False,0.041819351287775225,-0.026882257,-0.64281857,18.020123333333334,7.955243333333333,10.064880000000002,44.14644220896009,55.85355779103992,0.029452689,0.027867727,0.002853781,False,30,,2009-10-16 12:47:00,2009-10-17 12:46:00,1440,,,,0.041819351287775225,0.012366664,0.2957163,10.149257611111105,10.149257611111105,0.0,100.0,0.0,30,93.33333333333333,6.666666666666667,0.002400560537353158,0.0019395863637328148,0.07360246032476425,0.006374341435730457,15,3,2,2,0,0.00034877903100612813,0.00019479112096702696,0.4304783092324805,0.4304783092324805,2009-10-17 17:23:00,0.9655172413793104,420.0,540.0,1680.0,,,D,"Tendencia creciente: >=3 ventanas evaluables, pendiente y correlacion positivas, y el score maximo cae en la 2a mitad del episodio."
ramp_lineal__1440_0.30_10,continuous_timeline__01010,ramp_lineal,2009-03-23 13:19:00,2009-03-24 13:18:00,1440,10,0.3,0.04861111111110761,70.0,0.6497569444444445,0.5900484910731343,24.50613333333333,14.459806995370371,10.04632633796296,40.99515089268657,17.15429333333333,10.04632633796296,0.4185969307484568,2.668921111111111,0.023211023,0.022876589,0.008069337,False,30,,2009-03-23 13:19:00,2009-03-24 13:18:00,1440,,,,0.041819351287775225,0.01860833,0.44496936,10.046326337962963,10.046326337962963,0.0,100.0,0.0,0.041800283,0.022876589,0.021188056,False,30,,2009-03-23 13:19:00,2009-03-24 13:18:00,1440,,,,0.041819351287775225,1.9069761e-05,0.00045600327,17.15429333333333,17.15429333333333,0.0,100.0,0.0,0.022714559,0.022876589,0.0029046051,False,30,,2009-03-23 13:19:00,2009-03-24 13:18:00,1440,,,,0.041819351287775225,0.019104794,0.45684096,10.046326337962961,10.046326337962961,0.0,100.0,0.0,30,76.66666666666667,23.333333333333332,0.0018229850102216005,0.0007443707436323166,0.060359105467796326,0.008069337345659733,12,0,0,0,0,3.972862918630153e-05,0.00021398847112566802,0.1568409343715239,0.1568409343715239,2009-03-24 07:23:00,0.6206896551724138,,,,,,D,"Tendencia creciente: >=3 ventanas evaluables, pendiente y correlacion positivas, y el score maximo cae en la 2a mitad del episodio."
ramp_lineal__1440_0.30_20,continuous_timeline__01020,ramp_lineal,2009-01-05 02:09:00,2009-01-06 02:08:00,1440,20,0.3,0.04861111111110761,70.0,0.6497569444444445,0.6403889608385204,26.60683333333333,17.038722349537036,9.568110983796295,35.96110391614796,18.62478333333333,9.568110983796291,0.39867129099151233,2.9381965277777775,0.02839759,0.017969968,0.013500682,False,30,,2009-01-05 02:09:00,2009-01-06 02:08:00,1440,,,,0.041819351287775225,0.013421763,0.32094622,9.568110983796295,9.568110983796295,0.0,100.0,0.0,0.03728656,0.017969968,0.022607211,False,30,,2009-01-05 02:09:00,2009-01-06 02:08:00,1440,,,,0.041819351287775225,0.0045327917,0.10838981,18.624783333333333,18.624783333333333,0.0,100.0,0.0,0.019727273,0.017969968,0.0025067488,False,30,,2009-01-05 02:09:00,2009-01-06 02:08:00,1440,,,,0.041819351287775225,0.02209208,0.52827406,9.568110983796295,9.568110983796295,0.0,100.0,0.0,30,60.0,40.0,0.0023983672726899385,0.0001669083721935749,0.07731303572654724,0.013500682078301907,13,5,1,0,0,0.00035400097128894737,0.00037757486790766716,0.3352614015572859,0.3352614015572859,2009-01-06 04:23:00,0.896551724137931,1440.0,1440.0,,,,D,"Tendencia creciente: >=3 ventanas evaluables, pendiente y correlacion positivas, y el score maximo cae en la 2a mitad del episodio."
ramp_lineal__1440_0.30_19,continuous_timeline__01019,ramp_lineal,2009-01-26 21:31:00,2009-01-27 21:30:00,1440,19,0.3,0.04861111111110761,70.0,0.6497569444444445,0.6212266462430446,24.8922,15.463697923611113,9.428502076388886,37.877335375695544,17.42454,9.428502076388884,0.3928542531828703,3.3102222222222224,0.025747966,0.020340485,0.0068422593,False,30,,2009-01-26 21:31:00,2009-01-27 21:30:00,1440,,,,0.041819351287775225,0.016071387,0.384305,9.428502076388888,9.428502076388888,0.0,100.0,0.0,0.035223864,0.020340485,0.015511718,False,30,,2009-01-26 21:31:00,2009-01-27 21:30:00,1440,,,,0.041819351287775225,0.0065954886,0.15771379,17.42454,17.42454,0.0,100.0,0.0,0.02136866,0.020340485,0.0036122585,False,30,,2009-01-26 21:31:00,2009-01-27 21:30:00,1440,,,,0.041819351287775225,0.020450693,0.4890246,9.428502076388886,9.428502076388886,0.0,100.0,0.0,30,73.33333333333333,26.666666666666668,0.0013088303385302424,0.0008834945037961006,0.050053901970386505,0.00684225931763649,18,1,1,0,0,0.00023988981433917177,0.00017689166692094892,0.592880978865406,0.592880978865406,2009-01-27 19:23:00,0.7241379310344828,1260.0,1260.0,,,,D,"Tendencia creciente: >=3 ventanas evaluables, pendiente y correlacion positivas, y el score maximo cae en la 2a mitad del episodio."
ramp_lineal__1440_0.30_00,continuous_timeline__01000,ramp_lineal,2009-10-05 22:43:00,2009-10-06 22:42:00,1440,0,0.3,0.04861111111110761,70.0,0.6497569444444445,0.6167257335857436,24.4869,15.101701365740743,9.385198634259256,38.327426641425646,17.14083,9.385198634259256,0.3910499430941357,2.7177043055555554,0.02548946,0.025004862,0.008199127,False,30,,2009-10-05 22:43:00,2009-10-06 22:42:00,1440,,,,0.041819351287775225,0.016329892,0.39048648,9.385198634259257,9.385198634259257,0.0,100.0,0.0,0.055687703,0.025004862,0.030840782,True,30,2009-10-06 04:23:00,2009-10-05 22:43:00,2009-10-06 22:42:00,1440,340.0,True,False,0.041819351287775225,-0.013868351,-0.3316252,17.140829999999998,2.2335366666666667,14.907293333333332,13.030504746075115,86.96949525392489,0.027106756,0.025004862,0.0034481343,False,30,,2009-10-05 22:43:00,2009-10-06 22:42:00,1440,,,,0.041819351287775225,0.014712596,0.3518131,9.385198634259256,9.385198634259256,0.0,100.0,0.0,30,80.0,20.0,0.0017415434122085571,0.0007886085659265518,0.05600053071975708,0.00819912739098072,13,1,1,0,0,4.6018490337816395e-06,0.0001888862310663214,-0.01579532814238042,-0.01579532814238042,2009-10-06 05:23:00,0.20689655172413793,360.0,360.0,,,,C,"Respuesta persistente: racha maxima >= 2 ventanas, sin tendencia creciente clara."
ramp_lineal__1440_0.30_16,continuous_timeline__01016,ramp_lineal,2009-05-04 11:23:00,2009-05-05 11:22:00,1440,16,0.3,0.04861111111110761,70.0,0.6497569444444445,0.6238900689881045,24.652666666666665,15.380553907407409,9.272112759259256,37.61099310118956,17.256866666666664,9.272112759259254,0.38633803163580244,2.5319233333333333,0.025576698,0.022972276,0.009161383,False,30,,2009-05-04 11:23:00,2009-05-05 11:22:00,1440,,,,0.041819351287775225,0.016242655,0.38840044,9.27211275925926,9.27211275925926,0.0,100.0,0.0,0.053328417,0.022972276,0.036088444,True,30,2009-05-04 19:23:00,2009-05-04 11:23:00,2009-05-05 11:22:00,1440,480.0,True,False,0.041819351287775225,-0.011509065,-0.27520907,17.256866666666667,4.291210000000001,12.965656666666666,24.86668108926689,75.13331891073311,0.02381892,0.022972276,0.0031516794,False,30,,2009-05-04 11:23:00,2009-05-05 11:22:00,1440,,,,0.041819351287775225,0.018000433,0.4304331,9.272112759259254,9.272112759259254,0.0,100.0,0.0,30,100.0,0.0,0.002822006354108453,0.0020235441625118256,0.08466018736362457,0.009161382913589478,30,2,1,0,0,0.0003261944751469653,0.00021578258263968655,0.49855394883203563,0.49855394883203563,2009-05-05 16:23:00,1.0,1680.0,1740.0,,,,D,"Tendencia creciente: >=3 ventanas evaluables, pendiente y correlacion positivas, y el score maximo cae en la 2a mitad del episodio."
ramp_lineal__1440_0.50_29,continuous_timeline__01729,ramp_lineal,2009-01-22 19:19:00,2009-01-23 19:18:00,1440,29,0.5,0.03472222222222765,50.0,0.7498263888888889,0.6910210094582846,29.650666666666666,20.48923361111111,9.161433055555555,30.89789905417154,14.825333333333333,9.161433055555555,0.3817263773148148,2.1713444444444443,0.018515429,0.018326748,0.0028486066,False,30,,2009-01-22 19:19:00,2009-01-23 19:18:00,1440,,,,0.041819351287775225,0.023303924,0.55725217,9.161433055555555,9.161433055555555,0.0,100.0,0.0,0.021086344,0.018326748,0.006096759,False,30,,2009-01-22 19:19:00,2009-01-23 19:18:00,1440,,,,0.041819351287775225,0.020733008,0.49577543,14.825333333333333,14.825333333333333,0.0,100.0,0.0,0.01823278,0.018326748,0.0025938936,False,30,,2009-01-22 19:19:00,2009-01-23 19:18:00,1440,,,,0.041819351287775225,0.023586573,0.564011,9.161433055555557,9.161433055555557,0.0,100.0,0.0,30,90.0,10.0,0.0009477967396378517,0.0005735489539802074,0.029026620090007782,0.0028486065566539764,15,0,0,0,0,-4.399560238581776e-05,3.960122249697286e-05,-0.07586206896551724,-0.07586206896551724,2009-01-24 00:23:00,1.0,,,,,,C,"Respuesta persistente: racha maxima >= 2 ventanas, sin tendencia creciente clara."
ramp_lineal__1440_0.30_46,continuous_timeline__01046,ramp_lineal,2009-03-12 20:59:00,2009-03-13 20:58:00,1440,46,0.3,0.04861111111110761,70.0,0.6497569444444445,0.6060853926011318,23.1611,14.037604386574076,9.123495613425925,39.39146073988682,16.212770000000003,9.123495613425929,0.3801456505594136,2.3375216666666665,0.035646453,0.029822312,0.0097817695,False,30,,2009-03-12 20:59:00,2009-03-13 20:58:00,1440,,,,0.041819351287775225,0.006172899,0.14760867,9.123495613425925,9.123495613425925,0.0,100.0,0.0,0.06491147,0.029822312,0.042584326,True,30,2009-03-13 01:23:00,2009-03-12 20:59:00,2009-03-13 20:58:00,1440,264.0,True,False,0.041819351287775225,-0.023092117,-0.5521873,16.21277,2.06416,14.148609999999998,12.731692363488783,87.26830763651121,0.033167373,0.029822312,0.0044576973,False,30,,2009-03-12 20:59:00,2009-03-13 20:58:00,1440,,,,0.041819351287775225,0.008651979,0.20688936,9.123495613425927,9.123495613425927,0.0,100.0,0.0,30,73.33333333333333,26.666666666666668,0.0022859969176352024,0.0013278275728225708,0.0714438334107399,0.00978176947683096,19,7,5,3,1,0.0002412224507520803,0.00025458222625982245,0.3552836484983315,0.3552836484983315,2009-03-13 18:23:00,0.7241379310344828,540.0,1140.0,1140.0,1140.0,,D,"Tendencia creciente: >=3 ventanas evaluables, pendiente y correlacion positivas, y el score maximo cae en la 2a mitad del episodio."
ramp_lineal__1440_0.50_09,continuous_timeline__01709,ramp_lineal,2009-03-02 22:43:00,2009-03-03 22:42:00,1440,9,0.5,0.03472222222222765,50.0,0.7498263888888889,0.7073743295011887,30.749633333333335,21.75150126157407,8.998132071759265,29.26256704988113,15.374816666666668,8.998132071759265,0.3749221696566358,1.4959777777777776,0.022562163,0.02228306,0.003473715,False,30,,2009-03-02 22:43:00,2009-03-03 22:42:00,1440,,,,0.041819351287775225,0.01925719,0.46048513,8.99813207175926,8.99813207175926,0.0,100.0,0.0,0.0234765,0.02228306,0.0055803442,False,30,,2009-03-02 22:43:00,2009-03-03 22:42:00,1440,,,,0.041819351287775225,0.018342853,0.43862116,15.374816666666668,15.374816666666668,0.0,100.0,0.0,0.022225285,0.02228306,0.0021170233,False,30,,2009-03-02 22:43:00,2009-03-03 22:42:00,1440,,,,0.041819351287775225,0.019594068,0.46854067,8.998132071759263,8.998132071759263,0.0,100.0,0.0,30,93.33333333333333,6.666666666666667,0.0010037978645414114,0.0006523602642118931,0.030302243307232857,0.0034737149253487587,20,0,0,0,0,-0.0001585641104077407,7.054940512501226e-05,-0.30634037819799775,-0.30634037819799775,2009-03-03 07:23:00,0.27586206896551724,,,,,,C,"Respuesta persistente: racha maxima >= 2 ventanas, sin tendencia creciente clara."
ramp_lineal__1440_0.50_05,continuous_timeline__01705,ramp_lineal,2009-10-24 09:29:00,2009-10-25 09:28:00,1440,5,0.5,0.03472222222222765,50.0,0.7498263888888889,0.7936252034418391,43.11906666666667,34.22037805555556,8.898688611111112,20.637479655816094,21.559533333333334,8.898688611111112,0.3707786921296296,1.2707854166666666,0.035668336,0.033339437,0.005213611,False,30,,2009-10-24 09:29:00,2009-10-25 09:28:00,1440,,,,0.041819351287775225,0.006151017,0.14708541,8.89868861111111,8.89868861111111,0.0,100.0,0.0,0.03818409,0.033339437,0.0073214546,False,30,,2009-10-24 09:29:00,2009-10-25 09:28:00,1440,,,,0.041819351287775225,0.0036352612,0.08692773,21.559533333333334,21.559533333333334,0.0,100.0,0.0,0.03406075,0.033339437,0.0021202806,False,30,,2009-10-24 09:29:00,2009-10-25 09:28:00,1440,,,,0.041819351287775225,0.0077586025,0.18552661,8.898688611111112,8.898688611111112,0.0,100.0,0.0,30,60.0,40.0,0.0008351218421012163,0.00013516424223780632,0.026178494095802307,0.005213610827922821,8,8,6,4,3,0.0002835669324788219,0.00010380250856578685,0.3098998887652948,0.3098998887652948,2009-10-25 14:23:00,0.9655172413793104,300.0,300.0,360.0,360.0,,D,"Tendencia creciente: >=3 ventanas evaluables, pendiente y correlacion positivas, y el score maximo cae en la 2a mitad del episodio."
ramp_lineal__1440_0.30_39,continuous_timeline__01039,ramp_lineal,2009-10-12 19:36:00,2009-10-13 19:35:00,1440,39,0.3,0.04861111111110761,70.0,0.6497569444444445,0.6643150923960675,25.17503333333333,16.72415459490741,8.45087873842592,33.56849076039325,17.622523333333334,8.45087873842592,0.35211994743441355,2.3129225,0.028655335,0.024522008,0.010752782,False,30,,2009-10-12 19:36:00,2009-10-13 19:35:00,1440,,,,0.041819351287775225,0.013164017,0.31478292,8.450878738425924,8.450878738425924,0.0,100.0,0.0,0.07288776,0.024522008,0.048396334,True,30,2009-10-13 02:23:00,2009-10-12 19:36:00,2009-10-13 19:35:00,1440,407.0,True,False,0.041819351287775225,-0.03106841,-0.74291945,17.622523333333334,5.204710000000001,12.417813333333331,29.534419682992812,70.46558031700718,0.026695415,0.024522008,0.0029043593,False,30,,2009-10-12 19:36:00,2009-10-13 19:35:00,1440,,,,0.041819351287775225,0.015123937,0.36164925,8.45087873842592,8.45087873842592,0.0,100.0,0.0,30,73.33333333333333,26.666666666666668,0.0029929964803159237,0.0014664530754089355,0.09234914183616638,0.010752782225608826,18,5,4,0,0,0.0001956592909618793,0.0003292086636761538,0.4522803114571746,0.4522803114571746,2009-10-13 18:23:00,0.7586206896551724,600.0,720.0,,,,D,"Tendencia creciente: >=3 ventanas evaluables, pendiente y correlacion positivas, y el score maximo cae en la 2a mitad del episodio."
ramp_lineal__1440_0.50_34,continuous_timeline__01734,ramp_lineal,2009-10-25 04:51:00,2009-10-26 04:50:00,1440,34,0.5,0.03472222222222765,50.0,0.7498263888888889,0.7623541245497697,35.46126666666667,27.034042905092594,8.427223761574073,23.764587545023037,17.730633333333333,8.427223761574073,0.35113432339891976,1.9158805555555558,0.037028216,0.03557985,0.0038836263,False,30,,2009-10-25 04:51:00,2009-10-26 04:50:00,1440,,,,0.041819351287775225,0.004791137,0.11456746,8.427223761574075,8.427223761574075,0.0,100.0,0.0,0.03914994,0.03557985,0.008627117,False,30,,2009-10-25 04:51:00,2009-10-26 04:50:00,1440,,,,0.041819351287775225,0.0026694126,0.06383199,17.730633333333333,17.730633333333333,0.0,100.0,0.0,0.037472565,0.03557985,0.0025200546,False,30,,2009-10-25 04:51:00,2009-10-26 04:50:00,1440,,,,0.041819351287775225,0.004346788,0.10394202,8.427223761574071,8.427223761574071,0.0,100.0,0.0,30,90.0,10.0,0.0009956349385902286,0.0005722697824239731,0.029919074848294258,0.003883626312017441,15,9,7,6,4,-0.00036116337550760554,7.179189531404e-05,-0.45317018909899887,-0.45317018909899887,2009-10-25 16:23:00,0.3793103448275862,180.0,180.0,180.0,540.0,,C,"Respuesta persistente: racha maxima >= 2 ventanas, sin tendencia creciente clara."
ramp_lineal__1440_0.30_23,continuous_timeline__01023,ramp_lineal,2009-10-18 05:04:00,2009-10-19 05:03:00,1440,23,0.3,0.04861111111110761,70.0,0.6497569444444445,0.6436130619889319,22.787700000000005,14.666461372685184,8.12123862731482,35.63869380110682,15.951390000000005,8.12123862731482,0.33838494280478393,1.8145069444444446,0.039802905,0.025129737,0.018902438,False,30,,2009-10-18 05:04:00,2009-10-19 05:03:00,1440,,,,0.041819351287775225,0.0020164475,0.048218045,8.121238627314813,8.121238627314813,0.0,100.0,0.0,0.056410223,0.025129737,0.03301993,True,30,2009-10-18 08:23:00,2009-10-18 05:04:00,2009-10-19 05:03:00,1440,199.0,True,False,0.041819351287775225,-0.014590871,-0.34890234,15.95139,0.7814333333333335,15.169956666666666,4.898841626549997,95.10115837345,0.02677029,0.025129737,0.0024398006,False,30,,2009-10-18 05:04:00,2009-10-19 05:03:00,1440,,,,0.041819351287775225,0.015049063,0.3598588,8.121238627314819,8.121238627314819,0.0,100.0,0.0,30,100.0,0.0,0.004432819318026304,0.001892036758363247,0.13298457860946655,0.018902437761425972,30,6,5,5,1,0.00039409567768767324,0.0004757924622817752,0.4362625139043382,0.4362625139043382,2009-10-19 06:23:00,0.8620689655172413,300.0,300.0,1380.0,1380.0,,D,"Tendencia creciente: >=3 ventanas evaluables, pendiente y correlacion positivas, y el score maximo cae en la 2a mitad del episodio."
ramp_lineal__0720_0.50_08,continuous_timeline__01658,ramp_lineal,2009-10-17 13:15:00,2009-10-18 01:14:00,720,8,0.5,0.0694444444444442,50.0,0.7496527777777777,0.7620808938374147,32.731033333333336,24.943695138888884,7.787338194444452,23.79191061625853,16.365516666666668,7.787338194444455,0.648944849537037,1.968291666666667,0.02795875,0.027867727,0.0009238068,False,18,,2009-10-17 13:15:00,2009-10-18 01:14:00,720,,,,0.041819351287775225,0.013860602,0.33143988,7.787338194444445,7.787338194444445,0.0,99.99999999999999,0.0,0.028566381,0.027867727,0.0017324067,False,18,,2009-10-17 13:15:00,2009-10-18 01:14:00,720,,,,0.041819351287775225,0.013252972,0.31691003,16.365516666666668,16.365516666666668,0.0,100.0,0.0,0.027791044,0.027867727,0.00087249605,False,18,,2009-10-17 13:15:00,2009-10-18 01:14:00,720,,,,0.041819351287775225,0.014028309,0.33545017,7.78733819444445,7.78733819444445,0.0,100.0,0.0,18,88.88888888888889,11.11111111111111,0.00031639719964005053,0.0001156320795416832,0.005824023392051458,0.0009238068014383316,8,3,2,0,0,-0.0005892026137226136,5.875461397479192e-05,-0.4757481940144479,-0.4757481940144479,2009-10-17 17:23:00,0.23529411764705882,240.0,240.0,,,,C,"Respuesta persistente: racha maxima >= 2 ventanas, sin tendencia creciente clara."
ramp_lineal__1440_0.50_07,continuous_timeline__01707,ramp_lineal,2009-11-12 21:44:00,2009-11-13 21:43:00,1440,7,0.5,0.03472222222222765,50.0,0.7498263888888889,0.6937921368760532,25.301966666666665,17.554305520833335,7.74766114583333,30.620786312394678,12.650983333333333,7.74766114583333,0.3228192144097222,2.3282874999999996,0.024636349,0.022184819,0.004656379,False,30,,2009-11-12 21:44:00,2009-11-13 21:43:00,1440,,,,0.041819351287775225,0.017183004,0.4108864,7.747661145833333,7.747661145833333,0.0,100.0,0.0,0.027793571,0.022184819,0.008300639,False,30,,2009-11-12 21:44:00,2009-11-13 21:43:00,1440,,,,0.041819351287775225,0.014025781,0.33538973,12.650983333333333,12.650983333333333,0.0,100.00000000000001,0.0,0.024173368,0.022184819,0.0038076863,False,30,,2009-11-12 21:44:00,2009-11-13 21:43:00,1440,,,,0.041819351287775225,0.017645985,0.4219574,7.747661145833329,7.747661145833329,0.0,100.0,0.0,30,73.33333333333333,26.666666666666668,0.001474992954172194,0.0011667823418974876,0.04570947587490082,0.004656379111111164,19,1,0,0,0,-6.22068988666987e-06,9.458375259720047e-05,-0.04427141268075639,-0.04427141268075639,2009-11-13 18:23:00,0.6896551724137931,1200.0,,,,,C,"Respuesta persistente: racha maxima >= 2 ventanas, sin tendencia creciente clara."
ramp_lineal__1440_0.50_46,continuous_timeline__01746,ramp_lineal,2009-12-10 08:46:00,2009-12-11 08:45:00,1440,46,0.5,0.03472222222222765,50.0,0.7498263888888889,0.7690965641265058,33.486066666666666,25.754018819444447,7.732047847222219,23.090343587349423,16.743033333333333,7.732047847222212,0.32216866030092595,1.8513534722222227,0.023413999,0.018958323,0.005329743,False,30,,2009-12-10 08:46:00,2009-12-11 08:45:00,1440,,,,0.041819351287775225,0.018405354,0.4401157,7.732047847222223,7.732047847222223,0.0,100.0,0.0,0.028831983,0.018958323,0.010747727,False,30,,2009-12-10 08:46:00,2009-12-11 08:45:00,1440,,,,0.041819351287775225,0.01298737,0.31055883,16.743033333333333,16.743033333333333,0.0,100.0,0.0,0.020709427,0.018958323,0.0026257234,False,30,,2009-12-10 08:46:00,2009-12-11 08:45:00,1440,,,,0.041819351287775225,0.021109926,0.50478846,7.732047847222217,7.732047847222217,0.0,100.0,0.0,30,90.0,10.0,0.0013087262632325292,0.0005740264896303415,0.04039875417947769,0.005329743027687073,17,0,0,0,0,0.00035825184705947917,0.00011109074223392932,0.5274749721913237,0.5274749721913237,2009-12-11 06:23:00,0.7241379310344828,,,,,,D,"Tendencia creciente: >=3 ventanas evaluables, pendiente y correlacion positivas, y el score maximo cae en la 2a mitad del episodio."
ramp_lineal__1440_0.30_22,continuous_timeline__01022,ramp_lineal,2009-10-27 20:48:00,2009-10-28 20:47:00,1440,22,0.3,0.04861111111110761,70.0,0.6497569444444445,0.5842569119948414,18.162066666666668,10.61131298611111,7.550753680555557,41.57430880051586,12.713446666666668,7.550753680555559,0.31461473668981477,1.8514912499999998,0.02777667,0.02477117,0.015974559,False,30,,2009-10-27 20:48:00,2009-10-28 20:47:00,1440,,,,0.041819351287775225,0.014042683,0.33579388,7.550753680555555,7.550753680555555,0.0,100.0,0.0,0.06702201,0.02477117,0.04516974,True,30,2009-10-28 01:23:00,2009-10-27 20:48:00,2009-10-28 20:47:00,1440,275.0,True,False,0.041819351287775225,-0.025202658,-0.6026554,12.713446666666668,1.56982,11.143626666666668,12.347713733018635,87.65228626698138,0.028875353,0.02477117,0.005319817,False,30,,2009-10-27 20:48:00,2009-10-28 20:47:00,1440,,,,0.041819351287775225,0.012944,0.30952176,7.550753680555558,7.550753680555558,0.0,100.0,0.0,30,86.66666666666667,13.333333333333334,0.0039390441961586475,0.0014756163582205772,0.11921022087335587,0.015974558889865875,13,4,1,0,0,0.00012508290006599859,0.00039559832201220167,0.40200222469410457,0.40200222469410457,2009-10-28 23:23:00,0.896551724137931,720.0,840.0,,,,D,"Tendencia creciente: >=3 ventanas evaluables, pendiente y correlacion positivas, y el score maximo cae en la 2a mitad del episodio."
ramp_lineal__0720_0.30_47,continuous_timeline__00997,ramp_lineal,2009-04-26 04:26:00,2009-04-26 16:25:00,720,47,0.3,0.09722222222222632,70.0,0.649513888888889,0.5797061570869627,17.948633333333337,10.404933254629631,7.543700078703706,42.02938429130373,12.564043333333338,7.543700078703706,0.6286416732253086,3.1846986111111106,0.036239244,0.029731918,0.008417772,False,18,,2009-04-26 04:26:00,2009-04-26 16:25:00,720,,,,0.041819351287775225,0.0055801086,0.13343364,7.543700078703703,7.543700078703703,0.0,100.0,0.0,0.0374125,0.029731918,0.015685605,False,18,,2009-04-26 04:26:00,2009-04-26 16:25:00,720,,,,0.041819351287775225,0.0044068545,0.10537835,12.564043333333334,12.564043333333334,0.0,100.0,0.0,0.030610986,0.029731918,0.0027279276,False,18,,2009-04-26 04:26:00,2009-04-26 16:25:00,720,,,,0.041819351287775225,0.011208367,0.26801866,7.543700078703706,7.543700078703706,0.0,100.0,0.0,18,66.66666666666666,33.33333333333333,0.0022688305471092463,0.000493357889354229,0.042800068855285645,0.008417772129178047,8,6,6,3,3,0.0005698877706800827,0.0004644238258355418,0.4406604747162023,0.4406604747162023,2009-04-26 17:23:00,0.7058823529411765,0.0,0.0,720.0,720.0,,D,"Tendencia creciente: >=3 ventanas evaluables, pendiente y correlacion positivas, y el score maximo cae en la 2a mitad del episodio."
ramp_lineal__1440_0.30_36,continuous_timeline__01036,ramp_lineal,2009-11-09 08:10:00,2009-11-10 08:09:00,1440,36,0.3,0.04861111111110761,70.0,0.6497569444444445,0.6600960133630309,21.817516666666666,14.40165577314815,7.415860893518516,33.99039866369691,15.272261666666667,7.415860893518516,0.3089942038966049,2.4763374999999996,0.033126608,0.020309096,0.014801247,False,30,,2009-11-09 08:10:00,2009-11-10 08:09:00,1440,,,,0.041819351287775225,0.008692745,0.20786417,7.415860893518518,7.415860893518518,0.0,100.0,0.0,0.060383245,0.020309096,0.042057887,True,30,2009-11-09 14:23:00,2009-11-09 08:10:00,2009-11-10 08:09:00,1440,373.0,True,False,0.041819351287775225,-0.018563893,-0.44390675,15.272261666666669,3.448666666666667,11.823595000000001,22.581243969868247,77.41875603013175,0.021879958,0.020309096,0.0025061443,False,30,,2009-11-09 08:10:00,2009-11-10 08:09:00,1440,,,,0.041819351287775225,0.019939395,0.47679827,7.415860893518517,7.415860893518517,0.0,100.0,0.0,30,80.0,20.0,0.0035059419460594654,0.0011178187560290098,0.1081312745809555,0.014801247045397758,18,8,6,5,2,0.00037513060041509524,0.00040131334113879125,0.5185761957730812,0.5185761957730812,2009-11-10 07:23:00,0.7931034482758621,1140.0,1200.0,1260.0,1380.0,,D,"Tendencia creciente: >=3 ventanas evaluables, pendiente y correlacion positivas, y el score maximo cae en la 2a mitad del episodio."
ramp_lineal__1440_0.50_37,continuous_timeline__01737,ramp_lineal,2009-01-21 01:48:00,2009-01-22 01:47:00,1440,37,0.5,0.03472222222222765,50.0,0.7498263888888889,0.7450043438353254,29.036466666666666,21.6322937962963,7.404172870370367,25.499565616467454,14.518233333333333,7.404172870370363,0.30850720293209877,1.7983624999999996,0.02778182,0.024169182,0.0036126375,False,30,,2009-01-21 01:48:00,2009-01-22 01:47:00,1440,,,,0.041819351287775225,0.014037533,0.33567074,7.40417287037037,7.40417287037037,0.0,100.0,0.0,0.02819653,0.024169182,0.008056968,False,30,,2009-01-21 01:48:00,2009-01-22 01:47:00,1440,,,,0.041819351287775225,0.013622822,0.32575402,14.518233333333333,14.518233333333333,0.0,100.0,0.0,0.02693975,0.024169182,0.0027705673,False,30,,2009-01-21 01:48:00,2009-01-22 01:47:00,1440,,,,0.041819351287775225,0.014879603,0.35580662,7.404172870370368,7.404172870370368,0.0,100.0,0.0,30,93.33333333333333,6.666666666666667,0.0012938908766955137,0.0011940840631723404,0.03883882239460945,0.0036126375198364258,14,2,1,0,0,0.00044255321172042173,9.296879294567697e-05,0.6685205784204672,0.6685205784204672,2009-01-22 00:23:00,0.7586206896551724,1080.0,1080.0,,,,D,"Tendencia creciente: >=3 ventanas evaluables, pendiente y correlacion positivas, y el score maximo cae en la 2a mitad del episodio."
ramp_lineal__1440_0.50_04,continuous_timeline__01704,ramp_lineal,2009-11-15 13:44:00,2009-11-16 13:43:00,1440,4,0.5,0.03472222222222765,50.0,0.7498263888888889,0.783817174022222,33.70946666666667,26.42205890046296,7.28740776620371,21.618282597777803,16.854733333333336,7.287407766203714,0.30364199025848765,2.7429333333333332,0.027791876,0.028616905,0.007853571,False,30,,2009-11-15 13:44:00,2009-11-16 13:43:00,1440,,,,0.041819351287775225,0.014027476,0.33543026,7.287407766203703,7.287407766203703,0.0,100.0,0.0,0.034190293,0.028616905,0.01115435,False,30,,2009-11-15 13:44:00,2009-11-16 13:43:00,1440,,,,0.041819351287775225,0.0076290593,0.18242891,16.854733333333336,16.854733333333336,0.0,100.0,0.0,0.027390854,0.028616905,0.0023931526,False,30,,2009-11-15 13:44:00,2009-11-16 13:43:00,1440,,,,0.041819351287775225,0.014428498,0.34501964,7.287407766203711,7.287407766203711,0.0,100.0,0.0,30,70.0,30.0,0.0012847783509641886,0.0002821143716573715,0.045153044164180756,0.007853571325540543,11,3,2,0,0,-4.9366324816782325e-05,0.00019036793565425252,-0.0771968854282536,-0.0771968854282536,2009-11-16 05:23:00,0.5172413793103449,360.0,540.0,,,,C,"Respuesta persistente: racha maxima >= 2 ventanas, sin tendencia creciente clara."
ramp_lineal__1440_0.50_00,continuous_timeline__01700,ramp_lineal,2009-03-22 07:48:00,2009-03-23 07:47:00,1440,0,0.5,0.03472222222222765,50.0,0.7498263888888889,0.7663597068185246,31.062166666666666,23.804792939814817,7.257373726851849,23.36402931814753,15.531083333333333,7.257373726851849,0.3023905719521605,2.0202875,0.04851483,0.048252944,0.003803364,False,30,,2009-03-22 07:48:00,2009-03-23 07:47:00,1440,,,,0.041819351287775225,-0.006695479,-0.1601048,7.257373726851852,7.257373726851852,0.0,100.0,0.0,0.048669927,0.048252944,0.0053489227,True,30,2009-03-22 16:23:00,2009-03-22 07:48:00,2009-03-23 07:47:00,1440,515.0,True,False,0.041819351287775225,-0.006850574,-0.16381349,15.531083333333333,6.26915,9.261933333333333,40.36518165184871,59.63481834815129,0.04885024,0.048252944,0.006078244,False,30,,2009-03-22 07:48:00,2009-03-23 07:47:00,1440,,,,0.041819351287775225,-0.0070308857,-0.16812517,7.257373726851852,7.257373726851852,0.0,100.0,0.0,30,96.66666666666667,3.3333333333333335,0.0011531829368323088,0.0007613939233124256,0.03464841842651367,0.0038033640012145042,25,7,7,5,5,-0.0007945735622881128,6.387930226670754e-05,-0.7081201334816463,-0.7081201334816463,2009-03-22 17:23:00,0.3103448275862069,0.0,0.0,480.0,480.0,540.0,C,"Respuesta persistente: racha maxima >= 2 ventanas, sin tendencia creciente clara."
ramp_lineal__1440_0.50_39,continuous_timeline__01739,ramp_lineal,2009-02-28 03:01:00,2009-03-01 03:00:00,1440,39,0.5,0.03472222222222765,50.0,0.7498263888888889,0.7415020026999276,27.262733333333337,20.21537136574074,7.047361967592597,25.84979973000725,13.631366666666668,7.047361967592597,0.29364008198302466,2.2225986111111116,0.02969122,0.02967329,0.0029734392,False,30,,2009-02-28 03:01:00,2009-03-01 03:00:00,1440,,,,0.041819351287775225,0.012128133,0.29001245,7.047361967592592,7.047361967592592,0.0,100.0,0.0,0.031490754,0.02967329,0.005314909,False,30,,2009-02-28 03:01:00,2009-03-01 03:00:00,1440,,,,0.041819351287775225,0.010328598,0.24698131,13.631366666666668,13.631366666666668,0.0,100.0,0.0,0.029647758,0.02967329,0.003023807,False,30,,2009-02-28 03:01:00,2009-03-01 03:00:00,1440,,,,0.041819351287775225,0.012171594,0.29105172,7.047361967592593,7.047361967592593,0.0,100.0,0.0,30,76.66666666666667,23.333333333333332,0.0007725625182501972,0.0006847144104540348,0.026591982692480087,0.002973439171910286,13,7,6,2,0,0.0005679206083527661,6.437167479709472e-05,0.7842046718576196,0.7842046718576196,2009-02-28 22:23:00,0.6551724137931034,960.0,1020.0,1080.0,,,D,"Tendencia creciente: >=3 ventanas evaluables, pendiente y correlacion positivas, y el score maximo cae en la 2a mitad del episodio."
ramp_lineal__0720_0.30_26,continuous_timeline__00976,ramp_lineal,2009-01-19 10:34:00,2009-01-19 22:33:00,720,26,0.3,0.09722222222222632,70.0,0.649513888888889,0.5836233354217766,16.8653,9.842982638888888,7.022317361111114,41.63766645782235,11.805710000000001,7.022317361111114,0.5851931134259261,3.5321513888888885,0.023069363,0.022405328,0.0027572345,False,18,,2009-01-19 10:34:00,2009-01-19 22:33:00,720,,,,0.041819351287775225,0.01874999,0.44835678,7.022317361111112,7.022317361111112,0.0,100.0,0.0,0.051351037,0.022405328,0.030553257,True,18,2009-01-19 18:23:00,2009-01-19 10:34:00,2009-01-19 22:33:00,720,469.0,True,False,0.041819351287775225,-0.009531684,-0.2279252,11.80571,4.86556,6.940149999999999,41.21361612304555,58.786383876954446,0.023909595,0.022405328,0.0033989316,False,18,,2009-01-19 10:34:00,2009-01-19 22:33:00,720,,,,0.041819351287775225,0.017909758,0.42826483,7.022317361111111,7.022317361111111,0.0,100.0,0.0,18,94.44444444444444,5.555555555555555,0.0010230083717033267,0.0007936777547001839,0.018640970811247826,0.002757234498858452,10,0,0,0,0,0.0006826212922816614,0.00011068252270889416,0.6160990712074303,0.6160990712074303,2009-01-19 21:23:00,0.5882352941176471,,,,,,D,"Tendencia creciente: >=3 ventanas evaluables, pendiente y correlacion positivas, y el score maximo cae en la 2a mitad del episodio."
ramp_lineal__1440_0.50_10,continuous_timeline__01710,ramp_lineal,2009-04-19 10:42:00,2009-04-20 10:41:00,1440,10,0.5,0.03472222222222765,50.0,0.7498263888888889,0.7366405445047699,26.363133333333334,19.420152893518516,6.942980439814818,26.33594554952301,13.181566666666667,6.942980439814818,0.2892908516589507,2.5049124999999997,0.020929135,0.01965735,0.002807808,False,30,,2009-04-19 10:42:00,2009-04-20 10:41:00,1440,,,,0.041819351287775225,0.020890217,0.4995347,6.942980439814816,6.942980439814816,0.0,99.99999999999999,0.0,0.02527466,0.01965735,0.008138176,False,30,,2009-04-19 10:42:00,2009-04-20 10:41:00,1440,,,,0.041819351287775225,0.016544692,0.39562288,13.181566666666667,13.181566666666667,0.0,100.0,0.0,0.02078236,0.01965735,0.0026736623,False,30,,2009-04-19 10:42:00,2009-04-20 10:41:00,1440,,,,0.041819351287775225,0.021036992,0.5030444,6.942980439814818,6.942980439814818,0.0,100.0,0.0,30,96.66666666666667,3.3333333333333335,0.00092006113845855,0.000871005468070507,0.027615096420049667,0.002807808108627796,29,0,0,0,0,-3.634686100071918e-05,4.098454865319313e-05,-0.04872080088987764,-0.04872080088987764,2009-04-19 20:23:00,0.3103448275862069,,,,,,C,"Respuesta persistente: racha maxima >= 2 ventanas, sin tendencia creciente clara."
ramp_lineal__0720_0.50_31,continuous_timeline__01681,ramp_lineal,2008-12-20 06:29:00,2008-12-20 18:28:00,720,31,0.5,0.0694444444444442,50.0,0.7496527777777777,0.7410489091013981,26.322166666666664,19.506012893518516,6.816153773148148,25.895109089860192,13.161083333333332,6.8161537731481445,0.5680128144290123,2.1963333333333335,0.031283803,0.029058913,0.0022248905,False,18,,2008-12-20 06:29:00,2008-12-20 18:28:00,720,,,,0.041819351287775225,0.010535549,0.25193,6.816153773148147,6.816153773148147,0.0,100.0,0.0,0.03327274,0.029058913,0.0042138267,False,18,,2008-12-20 06:29:00,2008-12-20 18:28:00,720,,,,0.041819351287775225,0.008546613,0.20436981,13.161083333333332,13.161083333333332,0.0,100.0,0.0,0.030458229,0.029058913,0.0013993159,False,18,,2008-12-20 06:29:00,2008-12-20 18:28:00,720,,,,0.041819351287775225,0.011361124,0.27167144,6.816153773148149,6.816153773148149,0.0,100.0,0.0,18,83.33333333333334,16.666666666666664,0.0006595575250685215,0.0006216457113623619,0.012043320573866367,0.0022248905152082443,13,4,2,1,0,-0.00011152630408512672,5.4637453604347306e-05,-0.16408668730650156,-0.16408668730650156,2008-12-20 17:23:00,0.5882352941176471,540.0,600.0,600.0,,,C,"Respuesta persistente: racha maxima >= 2 ventanas, sin tendencia creciente clara."
ramp_lineal__0720_0.30_30,continuous_timeline__00980,ramp_lineal,2009-07-18 16:13:00,2009-07-19 04:12:00,720,30,0.3,0.09722222222222632,70.0,0.649513888888889,0.5918056551823169,16.636166666666668,9.845377513888888,6.79078915277778,40.81943448176832,11.645316666666668,6.790789152777782,0.5658990960648148,2.009777777777778,0.027053433,0.026763314,0.003568137,False,18,,2009-07-18 16:13:00,2009-07-19 04:12:00,720,,,,0.041819351287775225,0.01476592,0.3530882,6.790789152777777,6.790789152777777,0.0,100.0,0.0,0.03693577,0.026763314,0.014106007,False,18,,2009-07-18 16:13:00,2009-07-19 04:12:00,720,,,,0.041819351287775225,0.0048835836,0.116778076,11.645316666666668,11.645316666666668,0.0,100.0,0.0,0.027051704,0.026763314,0.0026906542,False,18,,2009-07-18 16:13:00,2009-07-19 04:12:00,720,,,,0.041819351287775225,0.014767649,0.35312954,6.790789152777779,6.790789152777779,0.0,100.0,0.0,18,77.77777777777779,22.22222222222222,0.001340175629593432,0.000870867632329464,0.024656789377331734,0.003568137064576149,13,3,1,0,0,3.0143509385386857e-05,0.00024034595165028778,0.19711042311661509,0.19711042311661509,2009-07-19 00:23:00,0.47058823529411764,360.0,480.0,,,,C,"Respuesta persistente: racha maxima >= 2 ventanas, sin tendencia creciente clara."
ramp_lineal__1440_0.30_44,continuous_timeline__01044,ramp_lineal,2009-08-30 20:46:00,2009-08-31 20:45:00,1440,44,0.3,0.04861111111110761,70.0,0.6497569444444445,0.6744455164699613,20.80476666666667,14.031681599537036,6.773085067129633,32.555448353003875,14.56333666666667,6.773085067129635,0.28221187779706786,2.0842344444444443,0.040931642,0.030030923,0.0132352095,False,30,,2009-08-30 20:46:00,2009-08-31 20:45:00,1440,,,,0.041819351287775225,0.0008877106,0.021227269,6.773085067129629,6.773085067129629,0.0,100.0,0.0,0.06493367,0.030030923,0.037316456,True,30,2009-08-31 03:23:00,2009-08-30 20:46:00,2009-08-31 20:45:00,1440,397.0,True,False,0.041819351287775225,-0.02311432,-0.5527183,14.563336666666666,4.02143,10.541906666666666,27.613383471416004,72.386616528584,0.030133285,0.030030923,0.0023927279,False,30,,2009-08-30 20:46:00,2009-08-31 20:45:00,1440,,,,0.041819351287775225,0.011686068,0.27944162,6.773085067129631,6.773085067129631,0.0,100.0,0.0,30,83.33333333333334,16.666666666666664,0.0036410042084753513,0.0015925834886729717,0.11038592457771301,0.013235209509730339,18,11,11,10,7,0.0006701230853630247,0.00037620425062695397,0.6876529477196887,0.6876529477196887,2009-08-31 21:23:00,0.8275862068965517,360.0,360.0,480.0,1260.0,,D,"Tendencia creciente: >=3 ventanas evaluables, pendiente y correlacion positivas, y el score maximo cae en la 2a mitad del episodio."
ramp_lineal__1440_0.70_26,continuous_timeline__02426,ramp_lineal,2009-02-11 03:33:00,2009-02-12 03:32:00,1440,26,0.7,0.02083333333333659,30.000000000000004,0.8498958333333333,0.8499735898666083,44.11816666666667,37.4992765,6.618890166666667,15.002641013339176,13.23545,6.618890166666667,0.2757870902777778,1.4657066666666676,0.025771843,0.025431057,0.0017654188,False,30,,2009-02-11 03:33:00,2009-02-12 03:32:00,1440,,,,0.041819351287775225,0.01604751,0.38373405,6.618890166666668,6.618890166666668,0.0,100.0,0.0,0.025587352,0.025431057,0.0017799232,False,30,,2009-02-11 03:33:00,2009-02-12 03:32:00,1440,,,,0.041819351287775225,0.016232,0.38814566,13.235450000000004,13.235450000000004,0.0,100.0,0.0,0.025935449,0.025431057,0.0014268681,False,30,,2009-02-11 03:33:00,2009-02-12 03:32:00,1440,,,,0.041819351287775225,0.015883904,0.37982184,6.618890166666663,6.618890166666663,0.0,100.0,0.0,30,63.33333333333333,36.666666666666664,0.00037957486347295344,5.9674493968486786e-05,0.012223748490214348,0.0017654187977313995,8,4,2,0,0,0.00013117871026573771,4.5418281427214775e-05,0.3664071190211346,0.3664071190211346,2009-02-11 18:23:00,0.4827586206896552,720.0,780.0,,,,C,"Respuesta persistente: racha maxima >= 2 ventanas, sin tendencia creciente clara."
ramp_lineal__1440_0.50_45,continuous_timeline__01745,ramp_lineal,2009-12-07 03:55:00,2009-12-08 03:54:00,1440,45,0.5,0.03472222222222765,50.0,0.7498263888888889,0.7777919036724645,29.703133333333334,23.10285662037037,6.6002767129629625,22.220809632753546,14.851566666666667,6.6002767129629625,0.2750115297067901,1.5384444444444445,0.021513434,0.020644767,0.002875017,False,30,,2009-12-07 03:55:00,2009-12-08 03:54:00,1440,,,,0.041819351287775225,0.020305919,0.4855627,6.6002767129629625,6.6002767129629625,0.0,100.0,0.0,0.024998883,0.020644767,0.00456867,False,30,,2009-12-07 03:55:00,2009-12-08 03:54:00,1440,,,,0.041819351287775225,0.01682047,0.40221736,14.851566666666667,14.851566666666667,0.0,100.0,0.0,0.022890378,0.020644767,0.0022456106,False,30,,2009-12-07 03:55:00,2009-12-08 03:54:00,1440,,,,0.041819351287775225,0.018928975,0.45263672,6.600276712962963,6.600276712962963,0.0,100.0,0.0,30,86.66666666666667,13.333333333333334,0.0008674616110511124,0.0006647300906479359,0.027170177549123764,0.002875017002224922,14,0,0,0,0,-5.291606982272827e-05,5.942249361910465e-05,-0.28231368186874306,-0.28231368186874306,2009-12-07 11:23:00,0.2413793103448276,,,,,,C,"Respuesta persistente: racha maxima >= 2 ventanas, sin tendencia creciente clara."
ramp_lineal__0720_0.50_00,continuous_timeline__01650,ramp_lineal,2009-02-22 21:28:00,2009-02-23 09:27:00,720,0,0.5,0.0694444444444442,50.0,0.7496527777777777,0.7326690613558611,24.6162,18.03552814814815,6.58067185185185,26.733093864413885,12.3081,6.58067185185185,0.5483893209876542,2.553666666666666,0.025215527,0.025255756,0.0011974208,False,18,,2009-02-22 21:28:00,2009-02-23 09:27:00,720,,,,0.041819351287775225,0.016603826,0.39703688,6.580671851851851,6.580671851851851,0.0,100.0,0.0,0.02605573,0.025255756,0.010323024,False,18,,2009-02-22 21:28:00,2009-02-23 09:27:00,720,,,,0.041819351287775225,0.015763622,0.3769456,12.3081,12.3081,0.0,100.0,0.0,0.025134066,0.025255756,0.0009953771,False,18,,2009-02-22 21:28:00,2009-02-23 09:27:00,720,,,,0.041819351287775225,0.016685287,0.39898482,6.580671851851853,6.580671851851853,0.0,100.0,0.0,18,88.88888888888889,11.11111111111111,0.0005672473926097155,0.0005944422446191311,0.010284727439284325,0.001197420759126544,16,1,0,0,0,-0.00040630129972324733,3.342789221051369e-05,-0.3003095975232198,-0.3003095975232198,2009-02-22 22:23:00,0.0,0.0,,,,,C,"Respuesta persistente: racha maxima >= 2 ventanas, sin tendencia creciente clara."
ramp_lineal__1440_0.50_31,continuous_timeline__01731,ramp_lineal,2009-11-09 18:31:00,2009-11-10 18:30:00,1440,31,0.5,0.03472222222222765,50.0,0.7498263888888889,0.7592961550643978,27.29455,20.72464686921296,6.56990313078704,24.070384493560216,13.647275,6.56990313078704,0.2737459637827932,0.99,0.02105747,0.020309096,0.005009669,False,30,,2009-11-09 18:31:00,2009-11-10 18:30:00,1440,,,,0.041819351287775225,0.020761883,0.49646592,6.569903130787037,6.569903130787037,0.0,100.0,0.0,0.027658584,0.020309096,0.008040987,False,30,,2009-11-09 18:31:00,2009-11-10 18:30:00,1440,,,,0.041819351287775225,0.014160769,0.3386176,13.647275,13.647275,0.0,100.0,0.0,0.021142231,0.020309096,0.0032649608,False,30,,2009-11-09 18:31:00,2009-11-10 18:30:00,1440,,,,0.041819351287775225,0.020677121,0.49443907,6.56990313078704,6.56990313078704,0.0,100.00000000000001,0.0,30,83.33333333333334,16.666666666666664,0.0013060302007943392,0.0009089438244700432,0.03964252397418022,0.005009668879210949,24,0,0,0,0,-0.00017842591343420684,0.00012454500854910415,-0.4816462736373748,-0.4816462736373748,2009-11-10 06:23:00,0.3793103448275862,,,,,,C,"Respuesta persistente: racha maxima >= 2 ventanas, sin tendencia creciente clara."
ramp_lineal__1440_0.50_47,continuous_timeline__01747,ramp_lineal,2009-05-02 00:08:00,2009-05-03 00:07:00,1440,47,0.5,0.03472222222222765,50.0,0.7498263888888889,0.7263590560757118,23.248,16.88639533564815,6.361604664351852,27.364094392428818,11.624,6.361604664351852,0.2650668610146605,1.4615444444444445,0.023712147,0.02237128,0.0037925523,False,30,,2009-05-02 00:08:00,2009-05-03 00:07:00,1440,,,,0.041819351287775225,0.018107206,0.43298626,6.361604664351851,6.361604664351851,0.0,100.0,0.0,0.02513353,0.02237128,0.006084159,False,30,,2009-05-02 00:08:00,2009-05-03 00:07:00,1440,,,,0.041819351287775225,0.016685823,0.39899763,11.624,11.624,0.0,100.0,0.0,0.023636818,0.02237128,0.0036376957,False,30,,2009-05-02 00:08:00,2009-05-03 00:07:00,1440,,,,0.041819351287775225,0.018182535,0.43478757,6.361604664351851,6.361604664351851,0.0,100.0,0.0,30,86.66666666666667,13.333333333333334,0.0009570587426424026,0.0007174024358391762,0.03000735118985176,0.003792552277445793,24,0,0,0,0,3.351527281743607e-05,3.310623262761299e-05,0.09098998887652948,0.09098998887652948,2009-05-02 20:23:00,0.6896551724137931,,,,,,D,"Tendencia creciente: >=3 ventanas evaluables, pendiente y correlacion positivas, y el score maximo cae en la 2a mitad del episodio."
ramp_lineal__0360_0.30_36,continuous_timeline__00936,ramp_lineal,2009-02-11 07:51:00,2009-02-11 13:50:00,360,36,0.3,0.19444444444444153,70.0,0.6490277777777778,0.5789011397337748,15.036,8.704357537037037,6.331642462962963,42.109886026622526,10.525199999999998,6.331642462962963,1.0552737438271604,4.075322222222223,0.025518015,0.025431057,0.0004969919,False,12,,2009-02-11 07:51:00,2009-02-11 13:50:00,360,,,,0.041819351287775225,0.016301338,0.38980368,6.331642462962963,6.331642462962963,0.0,100.0,0.0,0.028055493,0.025431057,0.008111579,False,12,,2009-02-11 07:51:00,2009-02-11 13:50:00,360,,,,0.041819351287775225,0.01376386,0.32912657,10.525200000000002,10.525200000000002,0.0,100.0,0.0,0.024692109,0.025431057,0.0015855432,False,12,,2009-02-11 07:51:00,2009-02-11 13:50:00,360,,,,0.041819351287775225,0.017127244,0.40955305,6.3316424629629635,6.3316424629629635,0.0,100.0,0.0,12,66.66666666666666,33.33333333333333,0.00012663169763982296,0.00014704838395118713,0.001981840468943119,0.0004969919100403786,6,3,1,0,0,0.000882034838017258,-3.263591039743454e-05,0.7272727272727274,0.7272727272727274,2009-02-11 17:23:00,0.8181818181818182,480.0,540.0,,,,D,"Tendencia creciente: >=3 ventanas evaluables, pendiente y correlacion positivas, y el score maximo cae en la 2a mitad del episodio."
ramp_lineal__1440_0.30_30,continuous_timeline__01030,ramp_lineal,2009-06-11 04:43:00,2009-06-12 04:42:00,1440,30,0.3,0.04861111111110761,70.0,0.6497569444444445,0.7094167319616381,21.632600000000004,15.346528395833333,6.28607160416667,29.0583268038362,15.142820000000004,6.286071604166672,0.2619196501736111,1.3599434722222221,0.024399292,0.019771107,0.009929181,False,30,,2009-06-11 04:43:00,2009-06-12 04:42:00,1440,,,,0.041819351287775225,0.017420061,0.41655502,6.286071604166666,6.286071604166666,0.0,100.0,0.0,0.038049813,0.019771107,0.022463657,False,30,,2009-06-11 04:43:00,2009-06-12 04:42:00,1440,,,,0.041819351287775225,0.0037695393,0.09013864,15.142819999999999,15.142819999999999,0.0,100.0,0.0,0.022126226,0.019771107,0.004105566,False,30,,2009-06-11 04:43:00,2009-06-12 04:42:00,1440,,,,0.041819351287775225,0.019693127,0.47090942,6.286071604166667,6.286071604166667,0.0,100.00000000000001,0.0,30,100.0,0.0,0.0033491551876068115,0.0031100669875741005,0.10047465562820435,0.009929181076586246,30,1,0,0,0,0.0003094103241192219,0.00023092591888514727,0.5991101223581757,0.5991101223581757,2009-06-12 07:23:00,0.896551724137931,1440.0,,,,,D,"Tendencia creciente: >=3 ventanas evaluables, pendiente y correlacion positivas, y el score maximo cae en la 2a mitad del episodio."
ramp_lineal__1440_0.50_26,continuous_timeline__01726,ramp_lineal,2009-11-26 10:26:00,2009-11-27 10:25:00,1440,26,0.5,0.03472222222222765,50.0,0.7498263888888889,0.7513850197483027,24.79256666666667,18.628763194444446,6.163803472222224,24.86149802516973,12.396283333333335,6.163803472222224,0.25682514467592593,1.4399166666666667,0.02210956,0.021141658,0.0026334934,False,30,,2009-11-26 10:26:00,2009-11-27 10:25:00,1440,,,,0.041819351287775225,0.019709792,0.4713079,6.163803472222223,6.163803472222223,0.0,100.00000000000001,0.0,0.027183209,0.021141658,0.007433871,False,30,,2009-11-26 10:26:00,2009-11-27 10:25:00,1440,,,,0.041819351287775225,0.014636144,0.34998494,12.396283333333335,12.396283333333335,0.0,100.00000000000001,0.0,0.020386357,0.021141658,0.002642679,False,30,,2009-11-26 10:26:00,2009-11-27 10:25:00,1440,,,,0.041819351287775225,0.021432996,0.5125138,6.163803472222221,6.163803472222221,0.0,100.0,0.0,30,60.0,40.0,0.00015683843230362982,0.00014121877029538155,0.013063175603747368,0.0026334933936595917,10,0,0,0,0,0.0001437460060943085,4.083804850434436e-05,0.30233592880978866,0.30233592880978866,2009-11-27 08:23:00,0.7241379310344828,,,,,,D,"Tendencia creciente: >=3 ventanas evaluables, pendiente y correlacion positivas, y el score maximo cae en la 2a mitad del episodio."
ramp_lineal__0720_0.50_26,continuous_timeline__01676,ramp_lineal,2009-02-08 07:43:00,2009-02-08 19:42:00,720,26,0.5,0.0694444444444442,50.0,0.7496527777777777,0.6873915517718732,19.63793333333333,13.498949467592592,6.138983865740737,31.260844822812675,9.818966666666665,6.138983865740736,0.5115819888117283,2.4898555555555557,0.023145394,0.022373876,0.0020500617,False,18,,2009-02-08 07:43:00,2009-02-08 19:42:00,720,,,,0.041819351287775225,0.018673958,0.4465387,6.13898386574074,6.13898386574074,0.0,100.0,0.0,0.027380148,0.022373876,0.0053962152,False,18,,2009-02-08 07:43:00,2009-02-08 19:42:00,720,,,,0.041819351287775225,0.014439205,0.34527567,9.818966666666665,9.818966666666665,0.0,100.0,0.0,0.02339813,0.022373876,0.001653445,False,18,,2009-02-08 07:43:00,2009-02-08 19:42:00,720,,,,0.041819351287775225,0.018421223,0.4404952,6.13898386574074,6.13898386574074,0.0,100.0,0.0,18,94.44444444444444,5.555555555555555,0.0006897820276208222,0.0006234543398022652,0.012425570748746395,0.002050061710178852,16,0,0,0,0,-0.0001558750594886339,7.18964198440836e-05,-0.3457172342621259,-0.3457172342621259,2009-02-08 15:23:00,0.4117647058823529,,,,,,C,"Respuesta persistente: racha maxima >= 2 ventanas, sin tendencia creciente clara."
ramp_lineal__1440_0.50_28,continuous_timeline__01728,ramp_lineal,2009-05-26 11:32:00,2009-05-27 11:31:00,1440,28,0.5,0.03472222222222765,50.0,0.7498263888888889,0.7332972977808666,22.925533333333338,16.811231643518518,6.11430168981482,26.67027022191335,11.462766666666669,6.114301689814823,0.2547625704089507,1.9105875,0.020690339,0.02265234,0.0047827754,False,30,,2009-05-26 11:32:00,2009-05-27 11:31:00,1440,,,,0.041819351287775225,0.021129014,0.5052449,6.114301689814815,6.114301689814815,0.0,100.0,0.0,0.025953656,0.02265234,0.008848364,False,30,,2009-05-26 11:32:00,2009-05-27 11:31:00,1440,,,,0.041819351287775225,0.015865697,0.37938648,11.462766666666669,11.462766666666669,0.0,100.0,0.0,0.020161636,0.02265234,0.002541151,False,30,,2009-05-26 11:32:00,2009-05-27 11:31:00,1440,,,,0.041819351287775225,0.021657716,0.5178874,6.114301689814817,6.114301689814817,0.0,100.00000000000001,0.0,30,66.66666666666666,33.33333333333333,0.0005496927187778056,0.00012905383482575417,0.025671768933534622,0.004782775416970253,9,0,0,0,0,0.00017594389930301147,0.00011150874549707398,0.26852057842046717,0.26852057842046717,2009-05-26 21:23:00,0.3103448275862069,,,,,,C,"Respuesta persistente: racha maxima >= 2 ventanas, sin tendencia creciente clara."
ramp_lineal__0360_0.30_46,continuous_timeline__00946,ramp_lineal,2009-12-05 18:36:00,2009-12-06 00:35:00,360,46,0.3,0.19444444444444153,70.0,0.6490277777777778,0.6810416651988689,18.9248,12.888577305555554,6.036222694444447,31.89583348011312,13.24736,6.036222694444447,1.0060371157407408,3.2604249999999997,0.016634496,0.016656043,0.0012815688,False,12,,2009-12-05 18:36:00,2009-12-06 00:35:00,360,,,,0.041819351287775225,0.025184857,0.6022297,6.036222694444445,6.036222694444445,0.0,100.0,0.0,0.01723472,0.016656043,0.0035527255,False,12,,2009-12-05 18:36:00,2009-12-06 00:35:00,360,,,,0.041819351287775225,0.024584632,0.5878769,13.247359999999999,13.247359999999999,0.0,100.0,0.0,0.016761353,0.016656043,0.00012683589,False,12,,2009-12-05 18:36:00,2009-12-06 00:35:00,360,,,,0.041819351287775225,0.025058,0.59919626,6.036222694444446,6.036222694444446,0.0,100.0,0.0,12,58.333333333333336,41.66666666666667,0.00032016434124670923,0.00030820630490779877,0.00475736428052187,0.00128156878054142,7,0,0,0,0,-4.30664073649819e-05,0.00010900121911630761,-0.09090909090909093,-0.09090909090909093,2009-12-05 19:23:00,0.0,,,,,,C,"Respuesta persistente: racha maxima >= 2 ventanas, sin tendencia creciente clara."
ramp_lineal__0720_0.30_37,continuous_timeline__00987,ramp_lineal,2009-04-09 23:38:00,2009-04-10 11:37:00,720,37,0.3,0.09722222222222632,70.0,0.649513888888889,0.5438514258451742,13.109833333333333,7.129801550925927,5.980031782407406,45.614857415482575,9.176883333333333,5.980031782407406,0.4983359818672839,2.5470297222222222,0.022588912,0.022026557,0.0051748874,False,18,,2009-04-09 23:38:00,2009-04-10 11:37:00,720,,,,0.041819351287775225,0.01923044,0.45984548,5.980031782407407,5.980031782407407,0.0,100.0,0.0,0.046579055,0.022026557,0.027383458,True,18,2009-04-10 05:23:00,2009-04-09 23:38:00,2009-04-10 11:37:00,720,345.0,True,False,0.041819351287775225,-0.004759703,-0.11381579,9.176883333333334,1.9725066666666669,7.2043766666666675,21.494298173127042,78.50570182687295,0.024847433,0.022026557,0.0034851432,False,18,,2009-04-09 23:38:00,2009-04-10 11:37:00,720,,,,0.041819351287775225,0.01697192,0.40583888,5.980031782407408,5.980031782407408,0.0,100.0,0.0,18,88.88888888888889,11.11111111111111,0.0016451111296191812,0.0010812943801283836,0.03290843963623047,0.005174887366592884,8,0,0,0,0,-0.0003004212641725223,0.0002133796131863067,-0.4447884416924664,-0.4447884416924664,2009-04-10 08:23:00,0.47058823529411764,,,,,,C,"Respuesta persistente: racha maxima >= 2 ventanas, sin tendencia creciente clara."
ramp_lineal__1440_0.50_21,continuous_timeline__01721,ramp_lineal,2009-09-11 17:02:00,2009-09-12 17:01:00,1440,21,0.5,0.03472222222222765,50.0,0.7498263888888889,0.726043318756742,21.815800000000003,15.839215833333332,5.976584166666671,27.395668124325812,10.907900000000001,5.976584166666672,0.24902434027777778,2.4627833333333333,0.04122054,0.03801312,0.004138289,False,30,,2009-09-11 17:02:00,2009-09-12 17:01:00,1440,,,,0.041819351287775225,0.00059881434,0.0143190725,5.976584166666667,5.976584166666667,0.0,99.99999999999999,0.0,0.06579986,0.03801312,0.027786743,True,30,2009-09-12 02:23:00,2009-09-11 17:02:00,2009-09-12 17:01:00,1440,561.0,True,False,0.041819351287775225,-0.02398051,-0.5734309,10.907900000000001,3.4939000000000004,7.4140000000000015,32.030913374710074,67.96908662528993,0.043027688,0.03801312,0.0059010237,True,30,2009-09-12 04:23:00,2009-09-11 17:02:00,2009-09-12 17:01:00,1440,681.0,True,False,0.041819351287775225,-0.0012083352,-0.028894162,5.976584166666668,2.2225283679221794,3.7540557987444885,37.18726794341716,62.81273205658284,30,86.66666666666667,13.333333333333334,0.0014556200476363301,0.001230764202773571,0.04574095830321312,0.0041382890194654465,12,20,20,10,5,6.37823088017927e-05,6.750797411557433e-05,0.11857619577308119,0.11857619577308119,2009-09-12 07:23:00,0.4827586206896552,0.0,60.0,60.0,120.0,,C,"Respuesta persistente: racha maxima >= 2 ventanas, sin tendencia creciente clara."
ramp_lineal__1440_0.30_38,continuous_timeline__01038,ramp_lineal,2009-05-23 16:10:00,2009-05-24 16:09:00,1440,38,0.3,0.04861111111110761,70.0,0.6497569444444445,0.686016282024231,19.0102,13.041306724537037,5.968893275462964,31.3983717975769,13.30714,5.968893275462964,0.24870388647762343,1.4963608333333331,0.038660787,0.027047522,0.013915457,False,30,,2009-05-23 16:10:00,2009-05-24 16:09:00,1440,,,,0.041819351287775225,0.0031585656,0.0755288,5.968893275462962,5.968893275462962,0.0,100.00000000000001,0.0,0.07377255,0.027047522,0.049866974,True,30,2009-05-24 05:23:00,2009-05-23 16:10:00,2009-05-24 16:09:00,1440,793.0,True,False,0.041819351287775225,-0.031953197,-0.76407677,13.30714,7.9548000000000005,5.35234,59.77843473503698,40.22156526496302,0.027711041,0.027047522,0.003475001,False,30,,2009-05-23 16:10:00,2009-05-24 16:09:00,1440,,,,0.041819351287775225,0.014108311,0.3373632,5.968893275462962,5.968893275462962,0.0,100.00000000000001,0.0,30,90.0,10.0,0.004001143388450146,0.0016774283722043037,0.12061405926942825,0.01391545683145523,16,8,8,6,3,0.0005850519819207925,0.0004008006824551356,0.7419354838709676,0.7419354838709676,2009-05-24 16:23:00,0.8275862068965517,960.0,960.0,960.0,1200.0,,D,"Tendencia creciente: >=3 ventanas evaluables, pendiente y correlacion positivas, y el score maximo cae en la 2a mitad del episodio."
ramp_lineal__1440_0.50_11,continuous_timeline__01711,ramp_lineal,2009-06-04 17:35:00,2009-06-05 17:34:00,1440,11,0.5,0.03472222222222765,50.0,0.7498263888888889,0.7441700087758241,23.249900000000004,17.301878287037034,5.948021712962969,25.582999122417593,11.624950000000002,5.948021712962973,0.24783423804012347,1.1333368055555555,0.035506062,0.029234912,0.008478368,False,30,,2009-06-04 17:35:00,2009-06-05 17:34:00,1440,,,,0.041819351287775225,0.0063132904,0.15096577,5.948021712962964,5.948021712962964,0.0,100.0,0.0,0.03748369,0.029234912,0.011901835,False,30,,2009-06-04 17:35:00,2009-06-05 17:34:00,1440,,,,0.041819351287775225,0.004335664,0.10367602,11.624950000000002,11.624950000000002,0.0,100.0,0.0,0.030172197,0.029234912,0.0031445026,False,30,,2009-06-04 17:35:00,2009-06-05 17:34:00,1440,,,,0.041819351287775225,0.0116471555,0.27851114,5.948021712962968,5.948021712962968,0.0,100.0,0.0,30,90.0,10.0,0.0017393584130331874,0.0009497366845607758,0.05260661244392395,0.008478367701172829,19,4,4,1,1,-5.114926553607982e-05,0.0001693378213494685,-0.012235817575083427,-0.012235817575083427,2009-06-05 21:23:00,0.9310344827586207,0.0,0.0,780.0,1500.0,,C,"Respuesta persistente: racha maxima >= 2 ventanas, sin tendencia creciente clara."
ramp_lineal__1440_0.50_18,continuous_timeline__01718,ramp_lineal,2009-05-15 01:22:00,2009-05-16 01:21:00,1440,18,0.5,0.03472222222222765,50.0,0.7498263888888889,0.7484444817443756,23.64466666666667,17.69672028935185,5.947946377314821,25.15555182556244,11.822333333333335,5.947946377314821,0.24783109905478398,1.3189166666666665,0.02956508,0.026426366,0.005277697,False,30,,2009-05-15 01:22:00,2009-05-16 01:21:00,1440,,,,0.041819351287775225,0.0122542735,0.29302877,5.947946377314816,5.947946377314816,0.0,100.0,0.0,0.031413514,0.026426366,0.009867135,False,30,,2009-05-15 01:22:00,2009-05-16 01:21:00,1440,,,,0.041819351287775225,0.0104058385,0.2488283,11.822333333333335,11.822333333333335,0.0,100.00000000000001,0.0,0.02742131,0.026426366,0.003479341,False,30,,2009-05-15 01:22:00,2009-05-16 01:21:00,1440,,,,0.041819351287775225,0.014398042,0.34429136,5.94794637731482,5.94794637731482,0.0,100.0,0.0,30,96.66666666666667,3.3333333333333335,0.001445762813091278,0.0008689770475029945,0.04343689978122711,0.005277696996927261,25,5,5,1,0,0.0001571296195233358,0.00011996535524245234,0.33392658509454953,0.33392658509454953,2009-05-16 04:23:00,0.9310344827586207,360.0,1020.0,1620.0,,,D,"Tendencia creciente: >=3 ventanas evaluables, pendiente y correlacion positivas, y el score maximo cae en la 2a mitad del episodio."
ramp_lineal__0720_0.30_13,continuous_timeline__00963,ramp_lineal,2009-03-05 01:13:00,2009-03-05 13:12:00,720,13,0.3,0.09722222222222632,70.0,0.649513888888889,0.571277667101047,13.34383333333333,7.623033976851853,5.720799356481478,42.8722332898953,9.340683333333331,5.720799356481476,0.47673327970679,1.7320547222222218,0.019302946,0.018086948,0.0121175,False,18,,2009-03-05 01:13:00,2009-03-05 13:12:00,720,,,,0.041819351287775225,0.022516407,0.53842074,5.72079935648148,5.72079935648148,0.0,100.00000000000001,0.0,0.030459983,0.018086948,0.0140005,False,18,,2009-03-05 01:13:00,2009-03-05 13:12:00,720,,,,0.041819351287775225,0.011359369,0.27162948,9.340683333333333,9.340683333333333,0.0,100.0,0.0,0.019453568,0.018086948,0.0028287396,False,18,,2009-03-05 01:13:00,2009-03-05 13:12:00,720,,,,0.041819351287775225,0.022365784,0.534819,5.7207993564814785,5.7207993564814785,0.0,100.0,0.0,18,100.0,0.0,0.003950228914618492,0.001239029224961996,0.07110411673784256,0.01211750041693449,18,0,0,0,0,9.107818563686924e-05,0.0005661839123342427,0.283797729618163,0.283797729618163,2009-03-05 12:23:00,0.6470588235294118,,,,,,D,"Tendencia creciente: >=3 ventanas evaluables, pendiente y correlacion positivas, y el score maximo cae en la 2a mitad del episodio."
ramp_lineal__1440_0.50_02,continuous_timeline__01702,ramp_lineal,2009-08-20 23:08:00,2009-08-21 23:07:00,1440,2,0.5,0.03472222222222765,50.0,0.7498263888888889,0.6977576145737004,18.7678,13.095375358796296,5.672424641203705,30.22423854262995,9.3839,5.6724246412037065,0.23635102671682098,2.6521888888888885,0.03946415,0.036504336,0.006144624,False,30,,2009-08-20 23:08:00,2009-08-21 23:07:00,1440,,,,0.041819351287775225,0.002355203,0.056318495,5.672424641203704,5.672424641203704,0.0,100.0,0.0,0.054335933,0.036504336,0.020256422,True,30,2009-08-21 07:23:00,2009-08-20 23:08:00,2009-08-21 23:07:00,1440,495.0,True,False,0.041819351287775225,-0.0125165805,-0.29930115,9.3839,2.1130166666666663,7.270883333333334,22.51746786162114,77.48253213837886,0.038253233,0.036504336,0.0059372596,False,30,,2009-08-20 23:08:00,2009-08-21 23:07:00,1440,,,,0.041819351287775225,0.0035661198,0.08527439,5.672424641203705,5.672424641203705,0.0,99.99999999999999,0.0,30,73.33333333333333,26.666666666666668,0.0014082337729632854,0.0008467277511954308,0.045545585453510284,0.006144624203443527,14,22,15,12,3,0.0002285772373068976,9.204478969629668e-05,0.4295884315906563,0.4295884315906563,2009-08-21 22:23:00,0.7931034482758621,0.0,0.0,0.0,720.0,,D,"Tendencia creciente: >=3 ventanas evaluables, pendiente y correlacion positivas, y el score maximo cae en la 2a mitad del episodio."
ramp_lineal__1440_0.50_15,continuous_timeline__01715,ramp_lineal,2009-10-31 10:49:00,2009-11-01 10:48:00,1440,15,0.5,0.03472222222222765,50.0,0.7498263888888889,0.8174906573067937,30.8017,25.180101979166672,5.6215980208333285,18.250934269320616,15.40085,5.6215980208333285,0.23423325086805555,1.1732833333333332,0.03688032,0.03030978,0.008186594,False,30,,2009-10-31 10:49:00,2009-11-01 10:48:00,1440,,,,0.041819351287775225,0.004939031,0.11810395,5.621598020833333,5.621598020833333,0.0,100.0,0.0,0.03963893,0.03030978,0.010945201,False,30,,2009-10-31 10:49:00,2009-11-01 10:48:00,1440,,,,0.041819351287775225,0.0021804236,0.052139103,15.40085,15.40085,0.0,100.0,0.0,0.030791145,0.03030978,0.0014516916,False,30,,2009-10-31 10:49:00,2009-11-01 10:48:00,1440,,,,0.041819351287775225,0.011028208,0.26371062,5.621598020833332,5.621598020833332,0.0,100.00000000000001,0.0,30,76.66666666666667,23.333333333333332,0.0012275102781131864,0.00038199126720428467,0.04181376099586487,0.008186593651771545,12,7,6,6,3,0.00044245285969289687,0.00014163205820706586,0.539043381535039,0.539043381535039,2009-11-01 11:23:00,0.8275862068965517,1320.0,1320.0,1320.0,1440.0,,D,"Tendencia creciente: >=3 ventanas evaluables, pendiente y correlacion positivas, y el score maximo cae en la 2a mitad del episodio."
ramp_lineal__0360_0.30_11,continuous_timeline__00911,ramp_lineal,2009-02-20 16:03:00,2009-02-20 22:02:00,360,11,0.3,0.19444444444444153,70.0,0.6490277777777778,0.632317395840777,15.082766666666666,9.537095740740742,5.545670925925924,36.768260415922306,10.557936666666667,5.545670925925926,0.924278487654321,2.34584,0.01659826,0.016579729,0.0016619102,False,12,,2009-02-20 16:03:00,2009-02-20 22:02:00,360,,,,0.041819351287775225,0.025221093,0.6030962,5.5456709259259265,5.5456709259259265,0.0,100.0,0.0,0.019630076,0.016579729,0.0055438057,False,12,,2009-02-20 16:03:00,2009-02-20 22:02:00,360,,,,0.041819351287775225,0.022189276,0.5305983,10.557936666666667,10.557936666666667,0.0,100.0,0.0,0.016668407,0.016579729,0.0012566876,False,12,,2009-02-20 16:03:00,2009-02-20 22:02:00,360,,,,0.041819351287775225,0.025150945,0.6014188,5.545670925925924,5.545670925925924,0.0,100.0,0.0,12,66.66666666666666,33.33333333333333,0.0005878036026842892,0.00044592423364520073,0.007553736213594675,0.0016619102098047733,6,0,0,0,0,-0.0008308832628092357,0.00016980717069358672,-0.7832167832167832,-0.7832167832167832,2009-02-20 20:23:00,0.36363636363636365,,,,,,C,"Respuesta persistente: racha maxima >= 2 ventanas, sin tendencia creciente clara."
ramp_lineal__0720_0.30_23,continuous_timeline__00973,ramp_lineal,2009-06-06 13:07:00,2009-06-07 01:06:00,720,23,0.3,0.09722222222222632,70.0,0.649513888888889,0.6480888349917081,15.633333333333333,10.131788787037037,5.501544546296296,35.19111650082919,10.943333333333333,5.501544546296296,0.45846204552469133,2.56515,0.03233689,0.026336204,0.009368055,False,18,,2009-06-06 13:07:00,2009-06-07 01:06:00,720,,,,0.041819351287775225,0.009482462,0.22674818,5.501544546296296,5.501544546296296,0.0,100.0,0.0,0.045456436,0.026336204,0.02035033,True,18,2009-06-06 18:23:00,2009-06-06 13:07:00,2009-06-07 01:06:00,720,316.0,True,False,0.041819351287775225,-0.0036370829,-0.08697128,10.943333333333333,3.808466666666667,7.1348666666666665,34.80170575692964,65.19829424307036,0.027065422,0.026336204,0.0022172015,False,18,,2009-06-06 13:07:00,2009-06-07 01:06:00,720,,,,0.041819351287775225,0.01475393,0.3528015,5.501544546296297,5.501544546296297,0.0,100.00000000000001,0.0,18,77.77777777777779,22.22222222222222,0.0030174334533512592,0.0009719943627715111,0.05527390539646149,0.009368054568767548,10,6,6,4,1,0.0004913141591507093,0.0005863756210503807,0.6842105263157895,0.6842105263157895,2009-06-07 04:23:00,0.8823529411764706,180.0,180.0,840.0,900.0,,D,"Tendencia creciente: >=3 ventanas evaluables, pendiente y correlacion positivas, y el score maximo cae en la 2a mitad del episodio."
ramp_lineal__1440_0.50_43,continuous_timeline__01743,ramp_lineal,2008-12-24 03:33:00,2008-12-25 03:32:00,1440,43,0.5,0.03472222222222765,50.0,0.7498263888888889,0.7633566966673262,23.192700000000002,17.7043028587963,5.488397141203702,23.664330333267372,11.596350000000001,5.488397141203702,0.22868321421682097,1.13955,0.025926866,0.023644643,0.0044143284,False,30,,2008-12-24 03:33:00,2008-12-25 03:32:00,1440,,,,0.041819351287775225,0.015892487,0.3800271,5.488397141203704,5.488397141203704,0.0,99.99999999999999,0.0,0.026116021,0.023644643,0.0073275445,False,30,,2008-12-24 03:33:00,2008-12-25 03:32:00,1440,,,,0.041819351287775225,0.015703332,0.37550393,11.596350000000001,11.596350000000001,0.0,100.00000000000001,0.0,0.024836922,0.023644643,0.0035372423,False,30,,2008-12-24 03:33:00,2008-12-25 03:32:00,1440,,,,0.041819351287775225,0.01698243,0.40609023,5.488397141203704,5.488397141203704,0.0,99.99999999999999,0.0,30,66.66666666666666,33.33333333333333,0.0012001260183751583,0.0008671102114021778,0.03896993026137352,0.004414328373968601,10,1,1,0,0,-1.1491735524874226e-05,6.551333932046498e-05,-0.029143492769744164,-0.029143492769744164,2008-12-25 08:23:00,0.9655172413793104,1680.0,1680.0,,,,C,"Respuesta persistente: racha maxima >= 2 ventanas, sin tendencia creciente clara."
ramp_lineal__1440_0.70_14,continuous_timeline__02414,ramp_lineal,2009-04-30 03:28:00,2009-05-01 03:27:00,1440,14,0.7,0.02083333333333659,30.000000000000004,0.8498958333333333,0.8351022178313586,33.26773333333333,27.781957888888886,5.485775444444446,16.489778216864128,9.980319999999999,5.4857754444444495,0.22857397685185188,1.0410575000000004,0.022015927,0.021771222,0.0011922689,False,30,,2009-04-30 03:28:00,2009-05-01 03:27:00,1440,,,,0.041819351287775225,0.019803425,0.47354692,5.485775444444445,5.485775444444445,0.0,99.99999999999999,0.0,0.020601977,0.021771222,0.0018174117,False,30,,2009-04-30 03:28:00,2009-05-01 03:27:00,1440,,,,0.041819351287775225,0.021217376,0.50735784,9.980320000000003,9.980320000000003,0.0,100.0,0.0,0.019556215,0.021771222,0.0014491174,False,30,,2009-04-30 03:28:00,2009-05-01 03:27:00,1440,,,,0.041819351287775225,0.022263138,0.5323645,5.48577544444445,5.48577544444445,0.0,100.0,0.0,30,100.0,0.0,0.00046722154365852475,0.0003906022757291794,0.014016645960509777,0.0011922689154744148,30,0,0,0,0,-0.00012756301073546042,1.431690504125944e-05,-0.2676307007786429,-0.2676307007786429,2009-04-30 07:23:00,0.10344827586206896,,,,,,C,"Respuesta persistente: racha maxima >= 2 ventanas, sin tendencia creciente clara."
ramp_lineal__0720_0.30_35,continuous_timeline__00985,ramp_lineal,2009-08-10 12:53:00,2009-08-11 00:52:00,720,35,0.3,0.09722222222222632,70.0,0.649513888888889,0.5459068706030472,12.025900000000002,6.565021435185186,5.4608785648148155,45.40931293969528,8.418130000000001,5.4608785648148155,0.4550732137345678,3.070573333333333,0.038223177,0.03046797,0.010908822,False,18,,2009-08-10 12:53:00,2009-08-11 00:52:00,720,,,,0.041819351287775225,0.0035961755,0.085993096,5.460878564814815,5.460878564814815,0.0,100.0,0.0,0.091621205,0.03046797,0.06809308,True,18,2009-08-10 15:23:00,2009-08-10 12:53:00,2009-08-11 00:52:00,720,150.0,True,False,0.041819351287775225,-0.049801853,-1.1908805,8.41813,0.5347299999999999,7.8834,6.3521233338045375,93.64787666619547,0.037618227,0.03046797,0.011007737,False,18,,2009-08-10 12:53:00,2009-08-11 00:52:00,720,,,,0.041819351287775225,0.0042011254,0.10045888,5.4608785648148155,5.4608785648148155,0.0,100.00000000000001,0.0,18,77.77777777777779,22.22222222222222,0.003548868466168642,0.0012505752965807915,0.06574367731809616,0.01090882159769535,10,12,8,8,4,0.0011281943596491994,0.0006630413130433195,0.9215686274509803,0.9215686274509803,2009-08-11 04:23:00,0.8823529411764706,360.0,420.0,420.0,720.0,,D,"Tendencia creciente: >=3 ventanas evaluables, pendiente y correlacion positivas, y el score maximo cae en la 2a mitad del episodio."
ramp_lineal__0360_0.30_37,continuous_timeline__00937,ramp_lineal,2009-02-07 20:50:00,2009-02-08 02:49:00,360,37,0.3,0.19444444444444153,70.0,0.6490277777777778,0.6839186873012852,16.811733333333333,11.497858592592593,5.31387474074074,31.608131269871482,11.768213333333332,5.31387474074074,0.8856457901234568,3.006336666666666,0.017384743,0.015650492,0.002735544,False,12,,2009-02-07 20:50:00,2009-02-08 02:49:00,360,,,,0.041819351287775225,0.02443461,0.5842895,5.313874740740741,5.313874740740741,0.0,100.00000000000001,0.0,0.016604768,0.015650492,0.0038714046,False,12,,2009-02-07 20:50:00,2009-02-08 02:49:00,360,,,,0.041819351287775225,0.025214585,0.60294056,11.768213333333334,11.768213333333334,0.0,100.0,0.0,0.015783561,0.015650492,0.00048330333,False,12,,2009-02-07 20:50:00,2009-02-08 02:49:00,360,,,,0.041819351287775225,0.026035791,0.62257755,5.31387474074074,5.31387474074074,0.0,100.0,0.0,12,66.66666666666666,33.33333333333333,0.0011570197530090809,0.000925187487155199,0.014402095228433609,0.0027355439960956573,7,0,0,0,0,0.0004801440860268532,0.0002449649838743718,0.6153846153846154,0.6153846153846154,2009-02-08 07:23:00,0.9090909090909091,,,,,,D,"Tendencia creciente: >=3 ventanas evaluables, pendiente y correlacion positivas, y el score maximo cae en la 2a mitad del episodio."
ramp_lineal__1440_0.50_44,continuous_timeline__01744,ramp_lineal,2009-03-02 06:58:00,2009-03-03 06:57:00,1440,44,0.5,0.03472222222222765,50.0,0.7498263888888889,0.7907798933341313,25.252966666666666,19.96953828703704,5.283428379629626,20.92201066658687,12.626483333333333,5.283428379629626,0.22014284915123458,4.12903125,0.02486566,0.023761636,0.0026567243,False,30,,2009-03-02 06:58:00,2009-03-03 06:57:00,1440,,,,0.041819351287775225,0.016953692,0.40540302,5.28342837962963,5.28342837962963,0.0,100.00000000000001,0.0,0.028428812,0.023761636,0.0056431023,False,30,,2009-03-02 06:58:00,2009-03-03 06:57:00,1440,,,,0.041819351287775225,0.013390541,0.32019964,12.626483333333333,12.626483333333333,0.0,100.0,0.0,0.02507072,0.023761636,0.0018715002,False,30,,2009-03-02 06:58:00,2009-03-03 06:57:00,1440,,,,0.041819351287775225,0.016748633,0.40049958,5.283428379629625,5.283428379629625,0.0,100.0,0.0,30,73.33333333333333,26.666666666666668,0.0005219571175985038,0.0005063554272055626,0.018508363515138626,0.0026567243039608,7,3,0,0,0,-2.3712524864512403e-05,4.329612153324315e-06,-0.041156840934371525,-0.041156840934371525,2009-03-02 17:23:00,0.3448275862068966,600.0,,,,,C,"Respuesta persistente: racha maxima >= 2 ventanas, sin tendencia creciente clara."
ramp_lineal__0720_0.30_21,continuous_timeline__00971,ramp_lineal,2009-05-17 05:34:00,2009-05-17 17:33:00,720,21,0.3,0.09722222222222632,70.0,0.649513888888889,0.6410593795669483,14.579900000000002,9.346581648148149,5.233318351851853,35.89406204330518,10.205930000000002,5.233318351851853,0.43610986265432095,1.8693500000000007,0.028013416,0.026336575,0.0038959216,False,18,,2009-05-17 05:34:00,2009-05-17 17:33:00,720,,,,0.041819351287775225,0.013805937,0.33013272,5.233318351851851,5.233318351851851,0.0,100.0,0.0,0.051234532,0.026336575,0.024897957,True,18,2009-05-17 10:23:00,2009-05-17 05:34:00,2009-05-17 17:33:00,720,289.0,True,False,0.041819351287775225,-0.0094151795,-0.22513929,10.20593,2.7590733333333337,7.446856666666667,27.03402172397159,72.96597827602842,0.030436931,0.026336575,0.004858112,False,18,,2009-05-17 05:34:00,2009-05-17 17:33:00,720,,,,0.041819351287775225,0.0113824215,0.2721807,5.2333183518518505,5.2333183518518505,0.0,100.0,0.0,18,83.33333333333334,16.666666666666664,0.001538741635158658,0.0016623446717858315,0.02880197949707508,0.0038959216326475143,11,6,2,0,0,-0.00022378717467450276,0.00013765946734154555,-0.2260061919504644,-0.2260061919504644,2009-05-17 11:23:00,0.29411764705882354,180.0,240.0,,,,C,"Respuesta persistente: racha maxima >= 2 ventanas, sin tendencia creciente clara."
ramp_lineal__1440_0.70_18,continuous_timeline__02418,ramp_lineal,2009-03-30 16:48:00,2009-03-31 16:47:00,1440,18,0.7,0.02083333333333659,30.000000000000004,0.8498958333333333,0.8278526369839068,30.3517,25.126734881944444,5.224965118055557,17.214736301609324,9.105509999999999,5.224965118055557,0.2177068799189815,1.3041666666666671,0.02059814,0.020386854,0.0016252268,False,30,,2009-03-30 16:48:00,2009-03-31 16:47:00,1440,,,,0.041819351287775225,0.021221213,0.50744957,5.224965118055556,5.224965118055556,0.0,100.0,0.0,0.022327337,0.020386854,0.0024012737,False,30,,2009-03-30 16:48:00,2009-03-31 16:47:00,1440,,,,0.041819351287775225,0.019492015,0.46610036,9.10551,9.10551,0.0,100.0,0.0,0.021214064,0.020386854,0.0014894363,False,30,,2009-03-30 16:48:00,2009-03-31 16:47:00,1440,,,,0.041819351287775225,0.020605288,0.49272135,5.2249651180555565,5.2249651180555565,0.0,100.0,0.0,30,73.33333333333333,26.666666666666668,0.0004686334286816418,0.0002682432532310486,0.015429365448653698,0.0016252268105745316,16,0,0,0,0,-8.25094398902577e-05,4.3234738466372355e-05,-0.15550611790878754,-0.15550611790878754,2009-03-31 22:23:00,1.0,,,,,,C,"Respuesta persistente: racha maxima >= 2 ventanas, sin tendencia creciente clara."
ramp_lineal__1440_0.50_19,continuous_timeline__01719,ramp_lineal,2009-06-21 22:05:00,2009-06-22 22:04:00,1440,19,0.5,0.03472222222222765,50.0,0.7498263888888889,0.7202405874280258,18.62166666666667,13.412080138888888,5.209586527777782,27.975941257197427,9.310833333333335,5.209586527777782,0.21706610532407408,1.547525,0.03918065,0.03920774,0.0055703316,False,30,,2009-06-21 22:05:00,2009-06-22 22:04:00,1440,,,,0.041819351287775225,0.0026387013,0.06309761,5.209586527777778,5.209586527777778,0.0,99.99999999999999,0.0,0.060917865,0.03920774,0.027060444,True,30,2009-06-22 03:23:00,2009-06-21 22:05:00,2009-06-22 22:04:00,1440,318.0,True,False,0.041819351287775225,-0.019098513,-0.4566908,9.310833333333335,1.17185,8.138983333333336,12.585876666965003,87.41412333303501,0.03942828,0.03920774,0.0030096006,False,30,,2009-06-21 22:05:00,2009-06-22 22:04:00,1440,,,,0.041819351287775225,0.0023910739,0.05717625,5.2095865277777795,5.2095865277777795,0.0,100.0,0.0,30,76.66666666666667,23.333333333333332,0.001577066956087947,0.0009435282554477453,0.050459783524274826,0.005570331588387489,20,10,9,5,3,0.0001071183516481285,0.00014336961202398029,0.19733036707452725,0.19733036707452725,2009-06-22 20:23:00,0.7586206896551724,300.0,300.0,300.0,540.0,,D,"Tendencia creciente: >=3 ventanas evaluables, pendiente y correlacion positivas, y el score maximo cae en la 2a mitad del episodio."
ramp_lineal__1440_0.50_49,continuous_timeline__01749,ramp_lineal,2009-09-03 13:19:00,2009-09-04 13:18:00,1440,49,0.5,0.03472222222222765,50.0,0.7498263888888889,0.7517696487326103,20.869666666666664,15.689181979166666,5.180484687499998,24.823035126738958,10.434833333333332,5.180484687499996,0.21585352864583338,1.42139375,0.04282375,0.042753335,0.0060973223,False,30,,2009-09-03 13:19:00,2009-09-04 13:18:00,1440,,,,0.041819351287775225,-0.0010043979,-0.024017537,5.180484687500001,5.180484687500001,0.0,100.0,0.0,0.044312738,0.042753335,0.010429222,False,30,,2009-09-03 13:19:00,2009-09-04 13:18:00,1440,,,,0.041819351287775225,-0.0024933852,-0.05962276,10.434833333333332,10.434833333333332,0.0,100.0,0.0,0.04393837,0.042753335,0.002813233,False,30,,2009-09-03 13:19:00,2009-09-04 13:18:00,1440,,,,0.041819351287775225,-0.002119016,-0.050670702,5.1804846875,5.1804846875,0.0,100.0,0.0,30,76.66666666666667,23.333333333333332,0.0011541882995516062,0.0005725072696805,0.045102350413799286,0.006097322329878807,10,12,8,8,5,-0.0004209351285595921,0.00014966169436430113,-0.5692992213570635,-0.5692992213570635,2009-09-03 15:23:00,0.06896551724137931,0.0,0.0,0.0,0.0,120.0,C,"Respuesta persistente: racha maxima >= 2 ventanas, sin tendencia creciente clara."
ramp_lineal__0240_0.30_12,continuous_timeline__00862,ramp_lineal,2009-01-28 14:08:00,2009-01-28 18:07:00,240,12,0.3,0.29166666666666785,70.0,0.6485416666666668,0.6395543405167963,14.3091,9.15144701388889,5.157652986111112,36.044565948320376,10.01637,5.157652986111112,1.289413246527778,3.1444,0.019544063,0.01826208,0.0015385766,False,10,,2009-01-28 14:08:00,2009-01-28 18:07:00,240,,,,0.041819351287775225,0.02227529,0.53265506,5.157652986111112,5.157652986111112,0.0,100.0,0.0,0.021785151,0.01826208,0.0043861587,False,10,,2009-01-28 14:08:00,2009-01-28 18:07:00,240,,,,0.041819351287775225,0.020034201,0.47906533,10.01637,10.01637,0.0,100.0,0.0,0.018518908,0.01826208,0.0005596634,False,10,,2009-01-28 14:08:00,2009-01-28 18:07:00,240,,,,0.041819351287775225,0.023300445,0.55716896,5.157652986111111,5.157652986111111,0.0,100.00000000000001,0.0,10,80.0,20.0,0.0007841717451810837,0.0012610787525773048,0.008105326443910599,0.0015385765582323074,6,0,0,0,0,0.0016019038489144862,0.00020254290747371586,0.8424242424242423,0.8424242424242423,2009-01-28 20:23:00,0.6666666666666666,,,,,,D,"Tendencia creciente: >=3 ventanas evaluables, pendiente y correlacion positivas, y el score maximo cae en la 2a mitad del episodio."
ramp_lineal__1440_0.70_32,continuous_timeline__02432,ramp_lineal,2009-02-12 20:55:00,2009-02-13 20:54:00,1440,32,0.7,0.02083333333333659,30.000000000000004,0.8498958333333333,0.8263045063569552,29.593133333333338,24.452939430555556,5.140193902777781,17.369549364304493,8.877940000000006,5.140193902777781,0.2141747459490741,1.5047083333333338,0.021481274,0.020872833,0.0012761569,False,30,,2009-02-12 20:55:00,2009-02-13 20:54:00,1440,,,,0.041819351287775225,0.020338079,0.48633176,5.140193902777779,5.140193902777779,0.0,100.00000000000001,0.0,0.02316902,0.020872833,0.002528471,False,30,,2009-02-12 20:55:00,2009-02-13 20:54:00,1440,,,,0.041819351287775225,0.018650332,0.44597372,8.87794,8.87794,0.0,100.0,0.0,0.021536585,0.020872833,0.0018297313,False,30,,2009-02-12 20:55:00,2009-02-13 20:54:00,1440,,,,0.041819351287775225,0.020282768,0.48500913,5.140193902777778,5.140193902777778,0.0,100.0,0.0,30,83.33333333333334,16.666666666666664,0.00038414684240706265,0.00038862787187099457,0.012454867362976074,0.0012761568650603294,13,0,0,0,0,3.862477604867471e-05,1.0958539883505647e-05,0.033592880978865404,0.033592880978865404,2009-02-13 07:23:00,0.3448275862068966,,,,,,C,"Respuesta persistente: racha maxima >= 2 ventanas, sin tendencia creciente clara."
ramp_lineal__1440_0.70_43,continuous_timeline__02443,ramp_lineal,2009-03-02 23:51:00,2009-03-03 23:50:00,1440,43,0.7,0.02083333333333659,30.000000000000004,0.8498958333333333,0.834274315558194,30.825200000000002,25.716672631944444,5.108527368055558,16.572568444180597,9.247560000000007,5.108527368055562,0.21285530700231484,0.8507800000000003,0.022414604,0.02228306,0.0022235536,False,30,,2009-03-02 23:51:00,2009-03-03 23:50:00,1440,,,,0.041819351287775225,0.019404748,0.4640136,5.108527368055556,5.108527368055556,0.0,100.0,0.0,0.022199199,0.02228306,0.0021136692,False,30,,2009-03-02 23:51:00,2009-03-03 23:50:00,1440,,,,0.041819351287775225,0.019620154,0.46916446,9.24756,9.24756,0.0,100.0,0.0,0.023209265,0.02228306,0.0018573925,False,30,,2009-03-02 23:51:00,2009-03-03 23:50:00,1440,,,,0.041819351287775225,0.018610088,0.44501138,5.108527368055559,5.108527368055559,0.0,100.0,0.0,30,90.0,10.0,0.0007971401792019606,0.0006463488098233938,0.024701083078980446,0.002223553601652384,19,0,0,0,0,-0.00011449915981614333,7.039774955147765e-05,-0.2266963292547275,-0.2266963292547275,2009-03-03 07:23:00,0.2413793103448276,,,,,,C,"Respuesta persistente: racha maxima >= 2 ventanas, sin tendencia creciente clara."
ramp_lineal__0720_0.30_17,continuous_timeline__00967,ramp_lineal,2009-04-10 06:52:00,2009-04-10 18:51:00,720,17,0.3,0.09722222222222632,70.0,0.649513888888889,0.7188062605631623,17.8183,12.807905592592594,5.010394407407407,28.11937394368378,12.47281,5.010394407407405,0.4175328672839506,1.4820205555555557,0.029486611,0.02453635,0.0067624617,False,18,,2009-04-10 06:52:00,2009-04-10 18:51:00,720,,,,0.041819351287775225,0.012332741,0.29490513,5.010394407407407,5.010394407407407,0.0,100.0,0.0,0.039030887,0.02453635,0.017881649,False,18,,2009-04-10 06:52:00,2009-04-10 18:51:00,720,,,,0.041819351287775225,0.0027884655,0.06667883,12.47281,12.47281,0.0,100.00000000000001,0.0,0.02435794,0.02453635,0.002783861,False,18,,2009-04-10 06:52:00,2009-04-10 18:51:00,720,,,,0.041819351287775225,0.017461414,0.41754386,5.010394407407405,5.010394407407405,0.0,100.0,0.0,18,88.88888888888889,11.11111111111111,0.0017492425395175815,0.0009305281564593315,0.03150667995214462,0.0067624617367982864,15,3,1,1,0,0.0004860517973516627,0.00023375197637622442,0.40144478844169246,0.40144478844169246,2009-04-10 20:23:00,0.7647058823529411,780.0,780.0,780.0,,,D,"Tendencia creciente: >=3 ventanas evaluables, pendiente y correlacion positivas, y el score maximo cae en la 2a mitad del episodio."
ramp_lineal__0360_0.50_06,continuous_timeline__01606,ramp_lineal,2009-02-07 16:28:00,2009-02-07 22:27:00,360,6,0.5,0.1388888888888884,50.0,0.7493055555555556,0.7412087926813673,19.347066666666667,14.340215925925925,5.006850740740742,25.87912073186327,9.673533333333333,5.006850740740742,0.8344751234567901,2.3906666666666667,0.021197394,0.021182608,0.0010962682,False,12,,2009-02-07 16:28:00,2009-02-07 22:27:00,360,,,,0.041819351287775225,0.02062196,0.49311998,5.006850740740741,5.006850740740741,0.0,100.0,0.0,0.022235606,0.021182608,0.0014462555,False,12,,2009-02-07 16:28:00,2009-02-07 22:27:00,360,,,,0.041819351287775225,0.019583747,0.46829388,9.673533333333333,9.673533333333333,0.0,100.0,0.0,0.021592656,0.021182608,0.00075135473,False,12,,2009-02-07 16:28:00,2009-02-07 22:27:00,360,,,,0.041819351287775225,0.020226697,0.48366833,5.006850740740742,5.006850740740742,0.0,100.0,0.0,12,66.66666666666666,33.33333333333333,0.0004959706566296518,0.00043023470789194107,0.0061110625974833965,0.0010962681844830513,6,0,0,0,0,-0.0009913542307913297,0.00012480851647059813,-0.8391608391608393,-0.8391608391608393,2009-02-07 17:23:00,0.0,,,,,,C,"Respuesta persistente: racha maxima >= 2 ventanas, sin tendencia creciente clara."
ramp_lineal__1440_0.50_40,continuous_timeline__01740,ramp_lineal,2009-05-21 14:50:00,2009-05-22 14:49:00,1440,40,0.5,0.03472222222222765,50.0,0.7498263888888889,0.7846768318636442,23.237466666666666,18.233901724537038,5.003564942129628,21.532316813635575,11.618733333333333,5.003564942129628,0.20848187258873455,1.8307819444444444,0.030451424,0.027443647,0.0034529883,False,30,,2009-05-21 14:50:00,2009-05-22 14:49:00,1440,,,,0.041819351287775225,0.011367928,0.27183416,5.003564942129629,5.003564942129629,0.0,100.0,0.0,0.031021865,0.027443647,0.0061756223,False,30,,2009-05-21 14:50:00,2009-05-22 14:49:00,1440,,,,0.041819351287775225,0.010797488,0.25819355,11.618733333333333,11.618733333333333,0.0,99.99999999999999,0.0,0.028566435,0.027443647,0.0034064334,False,30,,2009-05-21 14:50:00,2009-05-22 14:49:00,1440,,,,0.041819351287775225,0.013252918,0.31690872,5.003564942129628,5.003564942129628,0.0,100.0,0.0,30,76.66666666666667,23.333333333333332,0.0008404884138144553,0.0007654689252376556,0.02722681500017643,0.0034529883414506912,8,4,1,1,0,0.0004723058010682512,4.3958461676642406e-05,0.6805339265850945,0.6805339265850945,2009-05-22 18:23:00,0.9310344827586207,1440.0,1500.0,1620.0,,,D,"Tendencia creciente: >=3 ventanas evaluables, pendiente y correlacion positivas, y el score maximo cae en la 2a mitad del episodio."
ramp_lineal__1440_0.50_24,continuous_timeline__01724,ramp_lineal,2009-06-28 01:55:00,2009-06-29 01:54:00,1440,24,0.5,0.03472222222222765,50.0,0.7498263888888889,0.7175935360641624,17.661166666666666,12.673539039351851,4.987627627314815,28.24064639358375,8.830583333333333,4.987627627314817,0.20781781780478395,1.3984125000000003,0.03509653,0.035436656,0.0041803513,False,30,,2009-06-28 01:55:00,2009-06-29 01:54:00,1440,,,,0.041819351287775225,0.006722823,0.16075866,4.987627627314814,4.987627627314814,0.0,100.0,0.0,0.046698697,0.035436656,0.017215168,True,30,2009-06-28 08:23:00,2009-06-28 01:55:00,2009-06-29 01:54:00,1440,388.0,True,False,0.041819351287775225,-0.0048793443,-0.1166767,8.830583333333333,1.3158333333333332,7.51475,14.900865363745314,85.09913463625469,0.034760036,0.035436656,0.002939351,False,30,,2009-06-28 01:55:00,2009-06-29 01:54:00,1440,,,,0.041819351287775225,0.007059317,0.16880503,4.987627627314817,4.987627627314817,0.0,100.0,0.0,30,76.66666666666667,23.333333333333332,0.0010818098671734333,0.0009960280731320381,0.034959301352500916,0.00418035127222538,15,9,9,4,3,-9.3184588052275e-05,0.00010313449180928436,-0.21023359288097884,-0.21023359288097884,2009-06-28 11:23:00,0.3103448275862069,300.0,300.0,480.0,480.0,,C,"Respuesta persistente: racha maxima >= 2 ventanas, sin tendencia creciente clara."
ramp_lineal__0360_0.30_27,continuous_timeline__00927,ramp_lineal,2009-04-04 15:21:00,2009-04-04 21:20:00,360,27,0.3,0.19444444444444153,70.0,0.6490277777777778,0.6483847457547437,14.180533333333333,9.194441500000002,4.986091833333331,35.16152542452563,9.926373333333334,4.986091833333331,0.8310153055555555,2.5970699999999995,0.017996699,0.01788157,0.0017492948,False,12,,2009-04-04 15:21:00,2009-04-04 21:20:00,360,,,,0.041819351287775225,0.023822654,0.5696562,4.986091833333333,4.986091833333333,0.0,100.0,0.0,0.022772837,0.01788157,0.008139945,False,12,,2009-04-04 15:21:00,2009-04-04 21:20:00,360,,,,0.041819351287775225,0.019046515,0.4554474,9.926373333333334,9.926373333333334,0.0,100.0,0.0,0.018999435,0.01788157,0.0015339935,False,12,,2009-04-04 15:21:00,2009-04-04 21:20:00,360,,,,0.041819351287775225,0.022819918,0.5456784,4.986091833333332,4.986091833333332,0.0,100.0,0.0,12,91.66666666666666,8.333333333333332,0.0007041941862553358,0.0007104524411261082,0.008599757216870785,0.0017492948099970818,9,0,0,0,0,-0.0004312474300134013,0.00012223822735510503,-0.7342657342657343,-0.7342657342657343,2009-04-04 18:23:00,0.2727272727272727,,,,,,C,"Respuesta persistente: racha maxima >= 2 ventanas, sin tendencia creciente clara."
ramp_lineal__1440_0.70_27,continuous_timeline__02427,ramp_lineal,2009-05-04 23:59:00,2009-05-05 23:58:00,1440,27,0.7,0.02083333333333659,30.000000000000004,0.8498958333333333,0.827352732797419,28.860333333333333,23.87767565277778,4.982657680555555,17.264726720258096,8.658100000000005,4.982657680555555,0.2076107366898149,1.0546937500000002,0.031551987,0.030552557,0.0021844804,False,30,,2009-05-04 23:59:00,2009-05-05 23:58:00,1440,,,,0.041819351287775225,0.010267366,0.24551709,4.982657680555557,4.982657680555557,0.0,100.0,0.0,0.031879127,0.030552557,0.0023975037,False,30,,2009-05-04 23:59:00,2009-05-05 23:58:00,1440,,,,0.041819351287775225,0.009940226,0.2376944,8.658100000000001,8.658100000000001,0.0,100.0,0.0,0.031216152,0.030552557,0.0017702859,False,30,,2009-05-04 23:59:00,2009-05-05 23:58:00,1440,,,,0.041819351287775225,0.010603201,0.2535477,4.982657680555553,4.982657680555553,0.0,100.0,0.0,30,96.66666666666667,3.3333333333333335,0.0008386721601709723,0.0008909562602639198,0.025189662352204323,0.0021844804286956787,28,4,4,2,0,0.00022879447270023108,4.349156304597193e-05,0.47452725250278077,0.47452725250278077,2009-05-05 19:23:00,0.6551724137931034,1020.0,1020.0,1080.0,,,D,"Tendencia creciente: >=3 ventanas evaluables, pendiente y correlacion positivas, y el score maximo cae en la 2a mitad del episodio."
ramp_lineal__0720_0.50_01,continuous_timeline__01651,ramp_lineal,2008-12-22 08:16:00,2008-12-22 20:15:00,720,1,0.5,0.0694444444444442,50.0,0.7496527777777777,0.7652119764815299,20.795633333333335,15.913067685185187,4.882565648148148,23.478802351847012,10.397816666666667,4.882565648148148,0.40688047067901234,1.9756,0.018218506,0.01821986,0.003709169,False,18,,2008-12-22 08:16:00,2008-12-22 20:15:00,720,,,,0.041819351287775225,0.023600847,0.5643523,4.882565648148148,4.882565648148148,0.0,100.0,0.0,0.018966267,0.01821986,0.00671783,False,18,,2008-12-22 08:16:00,2008-12-22 20:15:00,720,,,,0.041819351287775225,0.022853086,0.54647154,10.397816666666667,10.397816666666667,0.0,100.0,0.0,0.018503943,0.01821986,0.0016757287,False,18,,2008-12-22 08:16:00,2008-12-22 20:15:00,720,,,,0.041819351287775225,0.02331541,0.55752677,4.882565648148146,4.882565648148146,0.0,100.0,0.0,18,66.66666666666666,33.33333333333333,0.001022401382215321,0.0005278997123241425,0.018663529306650162,0.00370916910469532,11,0,0,0,0,3.690470175354381e-05,0.00011338260826357744,-0.040247678018575844,-0.040247678018575844,2008-12-22 08:23:00,0.0,,,,,,C,"Respuesta persistente: racha maxima >= 2 ventanas, sin tendencia creciente clara."
ramp_lineal__1440_0.50_22,continuous_timeline__01722,ramp_lineal,2009-08-10 08:03:00,2009-08-11 08:02:00,1440,22,0.5,0.03472222222222765,50.0,0.7498263888888889,0.7328148660928676,18.21646666666667,13.34929758101852,4.867169085648149,26.718513390713245,9.108233333333335,4.867169085648149,0.2027987119020062,2.4509374999999998,0.031302035,0.03046797,0.006283099,False,30,,2009-08-10 08:03:00,2009-08-11 08:02:00,1440,,,,0.041819351287775225,0.010517318,0.25149405,4.867169085648149,4.867169085648149,0.0,100.0,0.0,0.041714728,0.03046797,0.01830702,False,30,,2009-08-10 08:03:00,2009-08-11 08:02:00,1440,,,,0.041819351287775225,0.00010462478,0.0025018267,9.108233333333335,9.108233333333335,0.0,100.0,0.0,0.03062072,0.03046797,0.0032394417,False,30,,2009-08-10 08:03:00,2009-08-11 08:02:00,1440,,,,0.041819351287775225,0.011198632,0.26778588,4.867169085648147,4.867169085648147,0.0,100.0,0.0,30,86.66666666666667,13.333333333333334,0.001412052195519209,0.0008847308345139027,0.042449913918972015,0.006283098831772804,15,15,6,2,0,9.437912849251453e-05,0.0001350769793844727,0.2565072302558398,0.2565072302558398,2009-08-11 04:23:00,0.6896551724137931,0.0,720.0,720.0,,,D,"Tendencia creciente: >=3 ventanas evaluables, pendiente y correlacion positivas, y el score maximo cae en la 2a mitad del episodio."
ramp_lineal__0720_0.30_48,continuous_timeline__00998,ramp_lineal,2009-12-01 06:59:00,2009-12-01 18:58:00,720,48,0.3,0.09722222222222632,70.0,0.649513888888889,0.7192206770487927,17.290399999999998,12.435613194444445,4.854786805555554,28.077932295120725,12.10328,4.854786805555554,0.4045655671296296,1.393622222222222,0.01890316,0.015075928,0.0050713615,False,18,,2009-12-01 06:59:00,2009-12-01 18:58:00,720,,,,0.041819351287775225,0.022916192,0.54798055,4.8547868055555545,4.8547868055555545,0.0,100.0,0.0,0.024546525,0.015075928,0.010997663,False,18,,2009-12-01 06:59:00,2009-12-01 18:58:00,720,,,,0.041819351287775225,0.017272828,0.41303432,12.103280000000002,12.103280000000002,0.0,100.0,0.0,0.01679653,0.015075928,0.0029688226,False,18,,2009-12-01 06:59:00,2009-12-01 18:58:00,720,,,,0.041819351287775225,0.025022823,0.5983551,4.8547868055555545,4.8547868055555545,0.0,100.0,0.0,18,88.88888888888889,11.11111111111111,0.0016983435489237309,0.0011664144694805145,0.030589701607823372,0.0050713615491986275,16,0,0,0,0,0.00034844591950284573,0.00019795273866031558,0.6037151702786379,0.6037151702786379,2009-12-01 20:23:00,0.7647058823529411,,,,,,D,"Tendencia creciente: >=3 ventanas evaluables, pendiente y correlacion positivas, y el score maximo cae en la 2a mitad del episodio."
ramp_lineal__1440_0.50_03,continuous_timeline__01703,ramp_lineal,2009-02-26 08:36:00,2009-02-27 08:35:00,1440,3,0.5,0.03472222222222765,50.0,0.7498263888888889,0.7619482600215793,20.180433333333333,15.376446064814814,4.803987268518519,23.80517399784206,10.090216666666667,4.803987268518519,0.20016613618827164,2.3810270833333336,0.025265196,0.022730669,0.0025345273,False,30,,2009-02-26 08:36:00,2009-02-27 08:35:00,1440,,,,0.041819351287775225,0.016554156,0.39584917,4.80398726851852,4.80398726851852,0.0,100.0,0.0,0.026598878,0.022730669,0.011926372,False,30,,2009-02-26 08:36:00,2009-02-27 08:35:00,1440,,,,0.041819351287775225,0.015220474,0.36395767,10.090216666666667,10.090216666666667,0.0,100.0,0.0,0.022951534,0.022730669,0.002088463,False,30,,2009-02-26 08:36:00,2009-02-27 08:35:00,1440,,,,0.041819351287775225,0.018867819,0.45117435,4.80398726851852,4.80398726851852,0.0,100.0,0.0,30,76.66666666666667,23.333333333333332,0.0007192435441538692,0.0005573229864239693,0.024668965488672256,0.0025345273315906525,10,1,0,0,0,0.0003701096385079242,4.325020308290362e-05,0.7374860956618465,0.7374860956618465,2009-02-27 10:23:00,0.8620689655172413,1500.0,,,,,D,"Tendencia creciente: >=3 ventanas evaluables, pendiente y correlacion positivas, y el score maximo cae en la 2a mitad del episodio."
ramp_lineal__0720_0.50_34,continuous_timeline__01684,ramp_lineal,2009-04-25 08:57:00,2009-04-25 20:56:00,720,34,0.5,0.0694444444444442,50.0,0.7496527777777777,0.7889357391578451,22.653433333333332,17.8721031712963,4.781330162037033,21.106426084215492,11.326716666666666,4.78133016203703,0.3984441801697531,1.8636527777777778,0.027266871,0.027084436,0.002693139,False,18,,2009-04-25 08:57:00,2009-04-25 20:56:00,720,,,,0.041819351287775225,0.0145524815,0.34798437,4.781330162037037,4.781330162037037,0.0,100.0,0.0,0.02774529,0.027084436,0.0025677746,False,18,,2009-04-25 08:57:00,2009-04-25 20:56:00,720,,,,0.041819351287775225,0.014074063,0.33654425,11.326716666666666,11.326716666666666,0.0,100.0,0.0,0.027420145,0.027084436,0.0014756396,False,18,,2009-04-25 08:57:00,2009-04-25 20:56:00,720,,,,0.041819351287775225,0.014399208,0.34431925,4.781330162037034,4.781330162037034,0.0,100.0,0.0,18,100.0,0.0,0.0009541551698930562,0.000599387101829052,0.017174793407320976,0.0026931390166282654,18,3,2,0,0,-0.0005430578560759651,0.00011458491158774515,-0.5335397316821465,-0.5335397316821465,2009-04-25 13:23:00,0.23529411764705882,120.0,180.0,,,,C,"Respuesta persistente: racha maxima >= 2 ventanas, sin tendencia creciente clara."
ramp_lineal__1440_0.70_11,continuous_timeline__02411,ramp_lineal,2009-01-02 17:28:00,2009-01-03 17:27:00,1440,11,0.7,0.02083333333333659,30.000000000000004,0.8498958333333333,0.8577124132110041,33.5488,28.775222208333336,4.773577791666664,14.228758678899586,10.064640000000004,4.773577791666664,0.19889907465277779,1.5223995833333337,0.025384145,0.02561194,0.0013486221,False,30,,2009-01-02 17:28:00,2009-01-03 17:27:00,1440,,,,0.041819351287775225,0.016435208,0.39300483,4.773577791666667,4.773577791666667,0.0,100.0,0.0,0.02562364,0.02561194,0.0023446418,False,30,,2009-01-02 17:28:00,2009-01-03 17:27:00,1440,,,,0.041819351287775225,0.016195713,0.38727793,10.06464,10.06464,0.0,100.0,0.0,0.025784561,0.02561194,0.001022242,False,30,,2009-01-02 17:28:00,2009-01-03 17:27:00,1440,,,,0.041819351287775225,0.016034791,0.3834299,4.773577791666666,4.773577791666666,0.0,100.0,0.0,30,53.333333333333336,46.666666666666664,-1.5743697758807684e-06,3.246264532208443e-05,0.005820821970701218,0.0013486221432685852,7,2,0,0,0,0.00035287815024941577,-3.433817204034106e-06,0.7272525027808675,0.7272525027808675,2009-01-03 16:23:00,0.7586206896551724,1320.0,,,,,D,"Tendencia creciente: >=3 ventanas evaluables, pendiente y correlacion positivas, y el score maximo cae en la 2a mitad del episodio."
ramp_lineal__0360_0.30_44,continuous_timeline__00944,ramp_lineal,2009-01-31 21:36:00,2009-02-01 03:35:00,360,44,0.3,0.19444444444444153,70.0,0.6490277777777778,0.723926280739103,17.098200000000002,12.377836333333333,4.720363666666669,27.607371926089698,11.968740000000004,4.720363666666671,0.7867272777777777,2.8739666666666666,0.022204708,0.022191953,0.0062389253,False,12,,2009-01-31 21:36:00,2009-02-01 03:35:00,360,,,,0.041819351287775225,0.019614644,0.4690327,4.720363666666667,4.720363666666667,0.0,100.0,0.0,0.023382653,0.022191953,0.0071642883,False,12,,2009-01-31 21:36:00,2009-02-01 03:35:00,360,,,,0.041819351287775225,0.0184367,0.44086528,11.96874,11.96874,0.0,100.0,0.0,0.02210876,0.022191953,0.00051311776,False,12,,2009-01-31 21:36:00,2009-02-01 03:35:00,360,,,,0.041819351287775225,0.019710593,0.47132707,4.720363666666668,4.720363666666668,0.0,100.0,0.0,12,75.0,25.0,0.00285966950468719,0.003858491312712431,0.03497573733329773,0.0062389252707362175,8,0,0,0,0,0.00037660353680277984,0.0006127744763308054,0.4265734265734266,0.4265734265734266,2009-01-31 22:23:00,0.0,,,,,,C,"Respuesta persistente: racha maxima >= 2 ventanas, sin tendencia creciente clara."
ramp_lineal__1440_0.70_24,continuous_timeline__02424,ramp_lineal,2009-04-21 14:08:00,2009-04-22 14:07:00,1440,24,0.7,0.02083333333333659,30.000000000000004,0.8498958333333333,0.8304996496598475,27.647733333333335,22.96143284722222,4.686300486111115,16.95003503401526,8.294320000000003,4.6863004861111115,0.19526252025462965,1.2733000000000003,0.025732284,0.02423306,0.0021262956,False,30,,2009-04-21 14:08:00,2009-04-22 14:07:00,1440,,,,0.041819351287775225,0.016087068,0.38468,4.6863004861111115,4.6863004861111115,0.0,100.0,0.0,0.02466643,0.02423306,0.0029894887,False,30,,2009-04-21 14:08:00,2009-04-22 14:07:00,1440,,,,0.041819351287775225,0.017152922,0.4101671,8.29432,8.29432,0.0,100.0,0.0,0.02580595,0.02423306,0.002137567,False,30,,2009-04-21 14:08:00,2009-04-22 14:07:00,1440,,,,0.041819351287775225,0.016013402,0.38291848,4.686300486111112,4.686300486111112,0.0,100.0,0.0,30,86.66666666666667,13.333333333333334,0.0009361262200400233,0.0010271724313497543,0.028314992785453796,0.0021262955851852894,26,1,1,0,0,-0.00024138115246980207,6.460102546433852e-05,-0.5434927697441602,-0.5434927697441602,2009-04-22 07:23:00,0.5862068965517241,1020.0,1020.0,,,,C,"Respuesta persistente: racha maxima >= 2 ventanas, sin tendencia creciente clara."
ramp_lineal__0720_0.70_37,continuous_timeline__02387,ramp_lineal,2009-12-06 07:55:00,2009-12-06 19:54:00,720,37,0.7,0.04166666666666208,30.000000000000004,0.8497916666666667,0.8284855779048813,27.204400000000003,22.538453055555557,4.665946944444446,17.151442209511863,8.161320000000007,4.665946944444446,0.3888289120370371,1.708966666666666,0.030169768,0.0300021,0.0009996686,False,18,,2009-12-06 07:55:00,2009-12-06 19:54:00,720,,,,0.041819351287775225,0.011649584,0.27856922,4.665946944444445,4.665946944444445,0.0,100.0,0.0,0.03156064,0.0300021,0.0024692323,False,18,,2009-12-06 07:55:00,2009-12-06 19:54:00,720,,,,0.041819351287775225,0.010258712,0.24531016,8.161320000000002,8.161320000000002,0.0,100.0,0.0,0.030485418,0.0300021,0.0014646985,False,18,,2009-12-06 07:55:00,2009-12-06 19:54:00,720,,,,0.041819351287775225,0.011333935,0.27102128,4.665946944444446,4.665946944444446,0.0,100.0,0.0,18,72.22222222222221,27.77777777777778,0.0002632214454934001,0.0001686890609562397,0.005043240264058113,0.00099966861307621,6,4,2,2,0,-0.0007044349011837259,3.255865276167389e-05,-0.5624355005159958,-0.5624355005159958,2009-12-06 15:23:00,0.4117647058823529,240.0,240.0,360.0,,,C,"Respuesta persistente: racha maxima >= 2 ventanas, sin tendencia creciente clara."
ramp_lineal__1440_0.70_00,continuous_timeline__02400,ramp_lineal,2008-12-18 01:50:00,2008-12-19 01:49:00,1440,0,0.7,0.02083333333333659,30.000000000000004,0.8498958333333333,0.843641950381105,29.757033333333332,25.10428163888889,4.652751694444444,15.635804961889493,8.927109999999999,4.652751694444444,0.1938646539351852,1.0472083333333329,0.017122524,0.016423093,0.002169527,False,30,,2008-12-18 01:50:00,2008-12-19 01:49:00,1440,,,,0.041819351287775225,0.024696829,0.5905598,4.652751694444445,4.652751694444445,0.0,100.0,0.0,0.017131375,0.016423093,0.0028636707,False,30,,2008-12-18 01:50:00,2008-12-19 01:49:00,1440,,,,0.041819351287775225,0.024687978,0.5903481,8.92711,8.92711,0.0,100.0,0.0,0.016739123,0.016423093,0.0026066154,False,30,,2008-12-18 01:50:00,2008-12-19 01:49:00,1440,,,,0.041819351287775225,0.02508023,0.59972787,4.652751694444445,4.652751694444445,0.0,100.0,0.0,30,86.66666666666667,13.333333333333334,0.0006358473328873515,0.0005948957987129688,0.020882252603769302,0.0021695271134376526,23,0,0,0,0,0.00012603275046929355,2.4087798032698243e-06,0.43003337041156836,0.43003337041156836,2008-12-19 07:23:00,1.0,,,,,,D,"Tendencia creciente: >=3 ventanas evaluables, pendiente y correlacion positivas, y el score maximo cae en la 2a mitad del episodio."
ramp_lineal__1440_0.50_48,continuous_timeline__01748,ramp_lineal,2009-10-04 17:46:00,2009-10-05 17:45:00,1440,48,0.5,0.03472222222222765,50.0,0.7498263888888889,0.8024639318885938,23.434700000000003,18.80550150462963,4.629198495370375,19.753606811140635,11.717350000000001,4.629198495370375,0.1928832706404321,1.1982569444444442,0.026359519,0.026605738,0.004273368,False,30,,2009-10-04 17:46:00,2009-10-05 17:45:00,1440,,,,0.041819351287775225,0.015459834,0.36968133,4.62919849537037,4.62919849537037,0.0,100.0,0.0,0.033152975,0.026605738,0.006547237,False,30,,2009-10-04 17:46:00,2009-10-05 17:45:00,1440,,,,0.041819351287775225,0.0086663775,0.20723367,11.717350000000001,11.717350000000001,0.0,100.0,0.0,0.026580477,0.026605738,0.0016929712,False,30,,2009-10-04 17:46:00,2009-10-05 17:45:00,1440,,,,0.041819351287775225,0.0152388755,0.3643977,4.629198495370372,4.629198495370372,0.0,100.0,0.0,30,63.33333333333333,36.666666666666664,0.0005675379652529955,0.00023325905203819275,0.022520940750837326,0.0042733680456876755,7,4,4,0,0,6.480028270614248e-05,9.005092585809506e-05,0.11234705228031144,0.11234705228031144,2009-10-04 18:23:00,0.0,0.0,0.0,,,,C,"Respuesta persistente: racha maxima >= 2 ventanas, sin tendencia creciente clara."
ramp_lineal__1440_0.50_33,continuous_timeline__01733,ramp_lineal,2009-10-26 19:03:00,2009-10-27 19:02:00,1440,33,0.5,0.03472222222222765,50.0,0.7498263888888889,0.7881064216554592,21.634233333333334,17.050078217592592,4.584155115740742,21.18935783445408,10.817116666666667,4.584155115740742,0.19100646315586417,0.9169611111111109,0.024584722,0.023683717,0.0038451962,False,30,,2009-10-26 19:03:00,2009-10-27 19:02:00,1440,,,,0.041819351287775225,0.01723463,0.41212094,4.5841551157407405,4.5841551157407405,0.0,100.0,0.0,0.028801627,0.023683717,0.0067698155,False,30,,2009-10-26 19:03:00,2009-10-27 19:02:00,1440,,,,0.041819351287775225,0.013017725,0.31128472,10.817116666666667,10.817116666666667,0.0,100.00000000000001,0.0,0.023630053,0.023683717,0.000928835,False,30,,2009-10-26 19:03:00,2009-10-27 19:02:00,1440,,,,0.041819351287775225,0.0181893,0.43494934,4.584155115740743,4.584155115740743,0.0,100.0,0.0,30,80.0,20.0,0.0006148804095573723,0.0003815465606749058,0.020517155528068542,0.0038451962172985077,19,2,0,0,0,0.0001026559635599007,7.420479381110964e-05,0.3121245828698554,0.3121245828698554,2009-10-27 20:23:00,0.8620689655172413,660.0,,,,,D,"Tendencia creciente: >=3 ventanas evaluables, pendiente y correlacion positivas, y el score maximo cae en la 2a mitad del episodio."
ramp_lineal__0720_0.50_05,continuous_timeline__01655,ramp_lineal,2009-03-10 00:38:00,2009-03-10 12:37:00,720,5,0.5,0.0694444444444442,50.0,0.7496527777777777,0.6850702443904807,14.454099999999999,9.902073819444444,4.552026180555554,31.492975560951944,7.227049999999999,4.552026180555552,0.3793355150462963,1.4266972222222223,0.021012982,0.02081708,0.0015589911,False,18,,2009-03-10 00:38:00,2009-03-10 12:37:00,720,,,,0.041819351287775225,0.02080637,0.49752972,4.552026180555556,4.552026180555556,0.0,100.0,0.0,0.023457745,0.02081708,0.0048073735,False,18,,2009-03-10 00:38:00,2009-03-10 12:37:00,720,,,,0.041819351287775225,0.018361608,0.43906963,7.227049999999999,7.227049999999999,0.0,100.0,0.0,0.021298539,0.02081708,0.0019328464,False,18,,2009-03-10 00:38:00,2009-03-10 12:37:00,720,,,,0.041819351287775225,0.020520814,0.49070138,4.552026180555553,4.552026180555553,0.0,100.0,0.0,18,77.77777777777779,22.22222222222222,0.0004915684112347662,0.0003742002882063389,0.01030758023262024,0.0015589911490678787,8,0,0,0,0,-0.0007323362726153045,6.748272934534477e-05,-0.7131062951496387,-0.7131062951496387,2009-03-10 04:23:00,0.17647058823529413,,,,,,C,"Respuesta persistente: racha maxima >= 2 ventanas, sin tendencia creciente clara."
ramp_lineal__1440_0.70_42,continuous_timeline__02442,ramp_lineal,2008-12-19 03:53:00,2008-12-20 03:52:00,1440,42,0.7,0.02083333333333659,30.000000000000004,0.8498958333333333,0.8527486607159166,30.416333333333334,25.93748751388889,4.4788458194444445,14.725133928408347,9.124900000000004,4.4788458194444445,0.18661857581018523,0.9905812500000004,0.02127157,0.020514823,0.0014145626,False,30,,2008-12-19 03:53:00,2008-12-20 03:52:00,1440,,,,0.041819351287775225,0.020547783,0.49134627,4.478845819444445,4.478845819444445,0.0,100.0,0.0,0.021205591,0.020514823,0.0017896779,False,30,,2008-12-19 03:53:00,2008-12-20 03:52:00,1440,,,,0.041819351287775225,0.020613762,0.49292397,9.124900000000002,9.124900000000002,0.0,100.0,0.0,0.020984193,0.020514823,0.0017884756,False,30,,2008-12-19 03:53:00,2008-12-20 03:52:00,1440,,,,0.041819351287775225,0.02083516,0.49821812,4.478845819444443,4.478845819444443,0.0,100.0,0.0,30,73.33333333333333,26.666666666666668,0.0006089269299991429,0.0007331431843340397,0.019417880102992058,0.001414562575519085,21,0,0,0,0,0.00017624933529516727,5.41902580780202e-05,0.49276974416017794,0.49276974416017794,2008-12-20 08:23:00,0.9655172413793104,,,,,,D,"Tendencia creciente: >=3 ventanas evaluables, pendiente y correlacion positivas, y el score maximo cae en la 2a mitad del episodio."
ramp_lineal__1440_0.70_12,continuous_timeline__02412,ramp_lineal,2009-11-19 14:16:00,2009-11-20 14:15:00,1440,12,0.7,0.02083333333333659,30.000000000000004,0.8498958333333333,0.8299946953590824,26.073866666666667,21.641171020833333,4.432695645833334,17.000530464091764,7.82216,4.432695645833334,0.18469565190972226,0.8648674999999999,0.025345055,0.024416788,0.0018505119,False,30,,2009-11-19 14:16:00,2009-11-20 14:15:00,1440,,,,0.041819351287775225,0.016474297,0.39393955,4.432695645833334,4.432695645833334,0.0,100.0,0.0,0.025366357,0.024416788,0.0033480842,False,30,,2009-11-19 14:16:00,2009-11-20 14:15:00,1440,,,,0.041819351287775225,0.016452996,0.3934302,7.822160000000001,7.822160000000001,0.0,100.0,0.0,0.025163176,0.024416788,0.0016477089,False,30,,2009-11-19 14:16:00,2009-11-20 14:15:00,1440,,,,0.041819351287775225,0.016656177,0.39828873,4.432695645833332,4.432695645833332,0.0,100.0,0.0,30,86.66666666666667,13.333333333333334,0.0006645088433288038,0.0006721103563904762,0.020199501886963844,0.0018505118787288666,19,1,0,0,0,0.0003397138772720887,5.321833258442938e-05,0.5648498331479421,0.5648498331479421,2009-11-20 19:23:00,1.0,1740.0,,,,,D,"Tendencia creciente: >=3 ventanas evaluables, pendiente y correlacion positivas, y el score maximo cae en la 2a mitad del episodio."
ramp_lineal__0720_0.30_25,continuous_timeline__00975,ramp_lineal,2009-03-07 22:53:00,2009-03-08 10:52:00,720,25,0.3,0.09722222222222632,70.0,0.649513888888889,0.5306907813003403,9.346100000000002,4.959889111111111,4.386210888888891,46.93092186996597,6.542270000000002,4.3862108888888915,0.36551757407407404,3.0546911111111115,0.036459718,0.033082195,0.0035167187,False,18,,2009-03-07 22:53:00,2009-03-08 10:52:00,720,,,,0.041819351287775225,0.0053596348,0.1281616,4.386210888888888,4.386210888888888,0.0,100.0,0.0,0.07116465,0.033082195,0.0422985,True,18,2009-03-08 05:23:00,2009-03-07 22:53:00,2009-03-08 10:52:00,720,390.0,True,False,0.041819351287775225,-0.0293453,-0.70171577,6.54227,2.43061,4.1116600000000005,37.152395116679685,62.84760488332032,0.03551256,0.033082195,0.0038865395,False,18,,2009-03-07 22:53:00,2009-03-08 10:52:00,720,,,,0.041819351287775225,0.0063067935,0.1508104,4.386210888888889,4.386210888888889,0.0,100.0,0.0,18,88.88888888888889,11.11111111111111,0.001146197086200118,0.000943262130022049,0.021468479186296463,0.0035167187452316284,9,10,9,6,3,0.001148183449480002,8.851479858129262e-05,0.696594427244582,0.696594427244582,2009-03-08 13:23:00,0.8235294117647058,300.0,420.0,540.0,720.0,,D,"Tendencia creciente: >=3 ventanas evaluables, pendiente y correlacion positivas, y el score maximo cae en la 2a mitad del episodio."
ramp_lineal__0360_0.30_23,continuous_timeline__00923,ramp_lineal,2009-02-06 15:52:00,2009-02-06 21:51:00,360,23,0.3,0.19444444444444153,70.0,0.6490277777777778,0.6431467318819795,12.240933333333334,7.872716268518518,4.368217064814816,35.685326811802064,8.568653333333334,4.368217064814816,0.7280361774691357,2.7903788888888887,0.023152664,0.023340331,0.0017961822,False,12,,2009-02-06 15:52:00,2009-02-06 21:51:00,360,,,,0.041819351287775225,0.018666688,0.44636482,4.368217064814814,4.368217064814814,0.0,100.0,0.0,0.027939934,0.023340331,0.008611684,False,12,,2009-02-06 15:52:00,2009-02-06 21:51:00,360,,,,0.041819351287775225,0.013879418,0.33188984,8.568653333333335,8.568653333333335,0.0,100.0,0.0,0.023148563,0.023340331,0.0010411814,False,12,,2009-02-06 15:52:00,2009-02-06 21:51:00,360,,,,0.041819351287775225,0.01867079,0.4464629,4.368217064814815,4.368217064814815,0.0,100.0,0.0,12,75.0,25.0,0.0006930911913514137,0.0006087594665586948,0.008525654673576355,0.001796182245016098,8,0,0,0,0,-0.00040630379470286656,0.0001521744941185404,-0.14685314685314685,-0.14685314685314685,2009-02-06 17:23:00,0.09090909090909091,,,,,,C,"Respuesta persistente: racha maxima >= 2 ventanas, sin tendencia creciente clara."
ramp_lineal__1440_0.70_06,continuous_timeline__02406,ramp_lineal,2009-04-29 18:45:00,2009-04-30 18:44:00,1440,6,0.7,0.02083333333333659,30.000000000000004,0.8498958333333333,0.8527235536207517,29.57903333333333,25.22273841666667,4.356294916666663,14.727644637924822,8.873709999999999,4.356294916666663,0.18151228819444445,0.8018100000000001,0.019739212,0.021771222,0.002145404,False,30,,2009-04-29 18:45:00,2009-04-30 18:44:00,1440,,,,0.041819351287775225,0.02208014,0.52798855,4.356294916666667,4.356294916666667,0.0,100.0,0.0,0.020856699,0.021771222,0.0022610277,False,30,,2009-04-29 18:45:00,2009-04-30 18:44:00,1440,,,,0.041819351287775225,0.020962654,0.50126684,8.87371,8.87371,0.0,100.0,0.0,0.02018791,0.021771222,0.0017738584,False,30,,2009-04-29 18:45:00,2009-04-30 18:44:00,1440,,,,0.041819351287775225,0.021631442,0.5172591,4.356294916666665,4.356294916666665,0.0,100.0,0.0,30,70.0,30.0,0.00039994047256186604,0.000548195093870163,0.022160515189170837,0.0021454039961099625,13,0,0,0,0,-0.00014350656792935898,6.894637417209825e-05,-0.2996662958843159,-0.2996662958843159,2009-04-30 07:23:00,0.41379310344827586,,,,,,C,"Respuesta persistente: racha maxima >= 2 ventanas, sin tendencia creciente clara."
ramp_lineal__1440_0.70_41,continuous_timeline__02441,ramp_lineal,2008-12-16 02:43:00,2008-12-17 02:42:00,1440,41,0.7,0.02083333333333659,30.000000000000004,0.8498958333333333,0.8582494694516819,30.576333333333334,26.242121861111112,4.334211472222222,14.175053054831805,9.172899999999998,4.334211472222222,0.18059214467592596,0.8602333333333334,0.020905355,0.019336257,0.002553505,False,30,,2008-12-16 02:43:00,2008-12-17 02:42:00,1440,,,,0.041819351287775225,0.020913998,0.50010335,4.334211472222223,4.334211472222223,0.0,100.0,0.0,0.022782136,0.019336257,0.0037290547,False,30,,2008-12-16 02:43:00,2008-12-17 02:42:00,1440,,,,0.041819351287775225,0.019037217,0.45522505,9.1729,9.1729,0.0,100.0,0.0,0.020310301,0.019336257,0.002172985,False,30,,2008-12-16 02:43:00,2008-12-17 02:42:00,1440,,,,0.041819351287775225,0.021509051,0.5143325,4.334211472222224,4.334211472222224,0.0,100.0,0.0,30,73.33333333333333,26.666666666666668,0.0007529089925810695,0.0008812821470201015,0.025613494217395782,0.002553504891693592,21,0,0,0,0,8.53213067223482e-05,9.148952616451183e-05,0.16529477196885425,0.16529477196885425,2008-12-16 20:23:00,0.5862068965517241,,,,,,D,"Tendencia creciente: >=3 ventanas evaluables, pendiente y correlacion positivas, y el score maximo cae en la 2a mitad del episodio."
ramp_lineal__0360_0.30_17,continuous_timeline__00917,ramp_lineal,2009-09-27 17:15:00,2009-09-27 23:14:00,360,17,0.3,0.19444444444444153,70.0,0.6490277777777778,0.5827725063355504,10.3721,6.044574712962963,4.327525287037036,41.72274936644495,7.26047,4.327525287037036,0.7212542145061728,2.565115,0.046691947,0.046428517,0.0020657424,False,12,,2009-09-27 17:15:00,2009-09-27 23:14:00,360,,,,0.041819351287775225,-0.004872594,-0.11651529,4.327525287037036,4.327525287037036,0.0,100.0,0.0,0.04997911,0.046428517,0.00819663,True,12,2009-09-27 19:23:00,2009-09-27 17:15:00,2009-09-27 23:14:00,360,128.0,True,False,0.041819351287775225,-0.008159757,-0.19511916,7.26047,1.3608699999999998,5.8995999999999995,18.743552414650843,81.25644758534915,0.04805747,0.046428517,0.0016798526,True,12,2009-09-27 20:23:00,2009-09-27 17:15:00,2009-09-27 23:14:00,360,188.0,True,False,0.041819351287775225,-0.006238118,-0.14916821,4.327525287037037,1.2993993986854397,3.028125888351598,30.026384885092384,69.97361511490762,12,91.66666666666666,8.333333333333332,0.0010460360208526254,0.0008356589823961258,0.012579914182424545,0.002065742388367653,11,7,6,6,5,-0.002796505838372073,0.0001829791735935878,-0.9160839160839163,-0.9160839160839163,2009-09-27 18:23:00,0.09090909090909091,0.0,0.0,0.0,0.0,0.0,C,"Respuesta persistente: racha maxima >= 2 ventanas, sin tendencia creciente clara."
ramp_lineal__1440_0.70_39,continuous_timeline__02439,ramp_lineal,2009-01-08 18:40:00,2009-01-09 18:39:00,1440,39,0.7,0.02083333333333659,30.000000000000004,0.8498958333333333,0.8545063941862726,29.54463333333333,25.24607809722222,4.29855523611111,14.549360581372738,8.863389999999995,4.29855523611111,0.17910646817129636,1.045619166666667,0.020171568,0.020047694,0.0016441932,False,30,,2009-01-08 18:40:00,2009-01-09 18:39:00,1440,,,,0.041819351287775225,0.021647785,0.51764995,4.298555236111112,4.298555236111112,0.0,100.0,0.0,0.020393662,0.020047694,0.0019685896,False,30,,2009-01-08 18:40:00,2009-01-09 18:39:00,1440,,,,0.041819351287775225,0.02142569,0.5123391,8.86339,8.86339,0.0,100.0,0.0,0.019855006,0.020047694,0.0012738118,False,30,,2009-01-08 18:40:00,2009-01-09 18:39:00,1440,,,,0.041819351287775225,0.021964347,0.5252197,4.298555236111111,4.298555236111111,0.0,100.0,0.0,30,46.666666666666664,53.333333333333336,2.411141394986771e-05,-1.013185828924179e-05,0.007192068733274937,0.0016441931948065758,6,0,0,0,0,-0.00013803816851108342,2.536938128965981e-05,-0.3917686318131257,-0.3917686318131257,2009-01-09 17:23:00,0.7586206896551724,,,,,,C,"Respuesta persistente: racha maxima >= 2 ventanas, sin tendencia creciente clara."
ramp_lineal__0720_0.30_29,continuous_timeline__00979,ramp_lineal,2009-07-09 22:46:00,2009-07-10 10:45:00,720,29,0.3,0.09722222222222632,70.0,0.649513888888889,0.5687795581783012,9.916099999999998,5.640074976851851,4.276025023148147,43.12204418216989,6.9412699999999985,4.276025023148147,0.35633541859567897,2.1100916666666665,0.039036576,0.031242238,0.01186407,False,18,,2009-07-09 22:46:00,2009-07-10 10:45:00,720,,,,0.041819351287775225,0.002782777,0.066542804,4.276025023148148,4.276025023148148,0.0,100.0,0.0,0.11625964,0.031242238,0.09262313,True,18,2009-07-10 02:23:00,2009-07-09 22:46:00,2009-07-10 10:45:00,720,217.0,True,False,0.041819351287775225,-0.074440286,-1.780044,6.94127,1.3431133333333334,5.598156666666667,19.349677124407112,80.6503228755929,0.038583007,0.031242238,0.012052817,False,18,,2009-07-09 22:46:00,2009-07-10 10:45:00,720,,,,0.041819351287775225,0.003236346,0.07738871,4.276025023148148,4.276025023148148,0.0,100.0,0.0,18,94.44444444444444,5.555555555555555,0.0052187186665833,0.005328773520886898,0.09396907687187195,0.0118640698492527,17,12,12,10,2,0.000989204730119622,0.0006807583265998413,0.8328173374613003,0.8328173374613003,2009-07-10 16:23:00,1.0,0.0,360.0,480.0,480.0,,D,"Tendencia creciente: >=3 ventanas evaluables, pendiente y correlacion positivas, y el score maximo cae en la 2a mitad del episodio."
ramp_lineal__0720_0.50_44,continuous_timeline__01694,ramp_lineal,2009-02-12 01:12:00,2009-02-12 13:11:00,720,44,0.5,0.0694444444444442,50.0,0.7496527777777777,0.6917863535577746,13.845733333333335,9.578289375,4.267443958333335,30.82136464422253,6.922866666666668,4.267443958333336,0.3556203298611111,1.9297777777777774,0.021080203,0.02180028,0.002281201,False,18,,2009-02-12 01:12:00,2009-02-12 13:11:00,720,,,,0.041819351287775225,0.02073915,0.4959223,4.267443958333333,4.267443958333333,0.0,100.0,0.0,0.025502523,0.02180028,0.0069648847,False,18,,2009-02-12 01:12:00,2009-02-12 13:11:00,720,,,,0.041819351287775225,0.01631683,0.39017412,6.922866666666668,6.922866666666668,0.0,100.0,0.0,0.022372616,0.02180028,0.0019010417,False,18,,2009-02-12 01:12:00,2009-02-12 13:11:00,720,,,,0.041819351287775225,0.019446736,0.46501762,4.267443958333335,4.267443958333335,0.0,100.0,0.0,18,72.22222222222221,27.77777777777778,0.0005035007488913834,0.00025250762701034546,0.012160403653979301,0.00228120107203722,7,0,0,0,0,-0.0010141706338269542,0.00010603156553002762,-0.8988648090815273,-0.8988648090815273,2009-02-12 02:23:00,0.058823529411764705,,,,,,C,"Respuesta persistente: racha maxima >= 2 ventanas, sin tendencia creciente clara."
ramp_lineal__0720_0.50_07,continuous_timeline__01657,ramp_lineal,2009-10-30 06:11:00,2009-10-30 18:10:00,720,7,0.5,0.0694444444444442,50.0,0.7496527777777777,0.7251991877580909,15.3854,11.157479583333332,4.227920416666668,27.480081224190908,7.6927,4.22792041666667,0.3523267013888889,2.611223611111111,0.034378354,0.03039732,0.0039810333,False,18,,2009-10-30 06:11:00,2009-10-30 18:10:00,720,,,,0.041819351287775225,0.007440999,0.17793195,4.227920416666667,4.227920416666667,0.0,100.0,0.0,0.036718674,0.03039732,0.009119432,False,18,,2009-10-30 06:11:00,2009-10-30 18:10:00,720,,,,0.041819351287775225,0.0051006787,0.121969335,7.6927,7.6927,0.0,100.0,0.0,0.03396047,0.03039732,0.003563149,False,18,,2009-10-30 06:11:00,2009-10-30 18:10:00,720,,,,0.041819351287775225,0.007858884,0.18792456,4.227920416666668,4.227920416666668,0.0,100.0,0.0,18,100.0,0.0,0.0016886855009943247,0.0015167566016316414,0.030396338552236557,0.003981033340096474,18,6,6,2,1,0.0005005870766022757,0.00018507979667992534,0.5128998968008256,0.5128998968008256,2009-10-30 18:23:00,0.7058823529411765,600.0,600.0,720.0,720.0,,D,"Tendencia creciente: >=3 ventanas evaluables, pendiente y correlacion positivas, y el score maximo cae en la 2a mitad del episodio."
ramp_lineal__0720_0.30_16,continuous_timeline__00966,ramp_lineal,2009-07-22 23:58:00,2009-07-23 11:57:00,720,16,0.3,0.09722222222222632,70.0,0.649513888888889,0.6383117917155139,11.657666666666668,7.4412260972222235,4.216440569444444,36.16882082844861,8.160366666666668,4.216440569444444,0.35137004745370365,1.4155827777777774,0.032868538,0.026884347,0.009260831,False,18,,2009-07-22 23:58:00,2009-07-23 11:57:00,720,,,,0.041819351287775225,0.008950815,0.21403523,4.216440569444444,4.216440569444444,0.0,100.0,0.0,0.09923653,0.026884347,0.072352186,True,18,2009-07-23 06:23:00,2009-07-22 23:58:00,2009-07-23 11:57:00,720,385.0,True,False,0.041819351287775225,-0.05741718,-1.3729811,8.160366666666667,4.121623333333334,4.038743333333333,50.507820318531444,49.49217968146855,0.030928956,0.026884347,0.005344432,False,18,,2009-07-22 23:58:00,2009-07-23 11:57:00,720,,,,0.041819351287775225,0.010890396,0.26041523,4.216440569444444,4.216440569444444,0.0,100.0,0.0,18,88.88888888888889,11.11111111111111,0.003318717237561941,0.0013342639431357384,0.06005588173866272,0.009260831400752068,11,5,3,2,1,0.0008900314646362646,0.0003312827598292023,0.6429308565531475,0.6429308565531475,2009-07-23 08:23:00,0.47058823529411764,480.0,480.0,480.0,480.0,,C,"Respuesta persistente: racha maxima >= 2 ventanas, sin tendencia creciente clara."
ramp_lineal__0720_0.50_39,continuous_timeline__01689,ramp_lineal,2009-01-19 00:20:00,2009-01-19 12:19:00,720,39,0.5,0.0694444444444442,50.0,0.7496527777777777,0.6774063435592785,12.817433333333332,8.682610648148147,4.134822685185185,32.259365644072155,6.408716666666666,4.134822685185183,0.34456855709876544,1.8193750000000009,0.022347927,0.02329588,0.0028872984,False,18,,2009-01-19 00:20:00,2009-01-19 12:19:00,720,,,,0.041819351287775225,0.019471426,0.465608,4.134822685185186,4.134822685185186,0.0,100.0,0.0,0.02589882,0.02329588,0.0064250166,False,18,,2009-01-19 00:20:00,2009-01-19 12:19:00,720,,,,0.041819351287775225,0.015920533,0.38069773,6.408716666666666,6.408716666666666,0.0,100.0,0.0,0.022859203,0.02329588,0.0022752266,False,18,,2009-01-19 00:20:00,2009-01-19 12:19:00,720,,,,0.041819351287775225,0.01896015,0.4533822,4.134822685185185,4.134822685185185,0.0,100.0,0.0,18,77.77777777777779,22.22222222222222,0.0009346359875053167,0.0004997290670871735,0.0181947760283947,0.0028872983530163765,7,0,0,0,0,-0.0005243212826573071,0.0001382339999014348,-0.5087719298245614,-0.5087719298245614,2009-01-19 08:23:00,0.47058823529411764,,,,,,C,"Respuesta persistente: racha maxima >= 2 ventanas, sin tendencia creciente clara."
ramp_lineal__1440_0.70_08,continuous_timeline__02408,ramp_lineal,2009-06-02 16:08:00,2009-06-03 16:07:00,1440,8,0.7,0.02083333333333659,30.000000000000004,0.8498958333333333,0.8317519759839321,24.357766666666667,20.259620555555554,4.098146111111113,16.824802401606796,7.30733,4.0981461111111095,0.170756087962963,0.9923354166666667,0.025954686,0.025947656,0.0019929726,False,30,,2009-06-02 16:08:00,2009-06-03 16:07:00,1440,,,,0.041819351287775225,0.015864667,0.37936184,4.098146111111111,4.098146111111111,0.0,100.0,0.0,0.026430696,0.025947656,0.0023370571,False,30,,2009-06-02 16:08:00,2009-06-03 16:07:00,1440,,,,0.041819351287775225,0.015388656,0.36797932,7.307330000000002,7.307330000000002,0.0,100.0,0.0,0.02617414,0.025947656,0.0018022377,False,30,,2009-06-02 16:08:00,2009-06-03 16:07:00,1440,,,,0.041819351287775225,0.015645213,0.3741142,4.09814611111111,4.09814611111111,0.0,100.0,0.0,30,76.66666666666667,23.333333333333332,0.00039491665665991604,0.0002984553575515747,0.01451084204018116,0.001992972567677498,14,1,1,0,0,-0.0002094451491373936,4.1162884080403384e-05,-0.450055617352614,-0.450055617352614,2009-06-02 16:23:00,0.0,0.0,0.0,,,,C,"Respuesta persistente: racha maxima >= 2 ventanas, sin tendencia creciente clara."
ramp_lineal__1440_0.70_02,continuous_timeline__02402,ramp_lineal,2009-09-13 05:44:00,2009-09-14 05:43:00,1440,2,0.7,0.02083333333333659,30.000000000000004,0.8498958333333333,0.8475723346188568,26.707666666666668,22.636679388888886,4.070987277777782,15.242766538114331,8.012300000000003,4.070987277777782,0.16962446990740743,1.1959150000000003,0.043382645,0.042875912,0.0009824429,False,30,,2009-09-13 05:44:00,2009-09-14 05:43:00,1440,,,,0.041819351287775225,-0.001563292,-0.03738202,4.070987277777778,4.070987277777778,0.0,100.0,0.0,0.04864236,0.042875912,0.0057664476,True,30,2009-09-13 09:23:00,2009-09-13 05:44:00,2009-09-14 05:43:00,1440,219.0,True,False,0.041819351287775225,-0.006823007,-0.16315429,8.012300000000002,0.5237700000000001,7.488530000000002,6.537074248343172,93.46292575165683,0.04555591,0.042875912,0.0026799962,False,30,,2009-09-13 05:44:00,2009-09-14 05:43:00,1440,,,,0.041819351287775225,-0.0037365556,-0.08934991,4.070987277777778,4.070987277777778,0.0,100.0,0.0,30,73.33333333333333,26.666666666666668,0.00020599886192940176,0.00013591768220067024,0.008143842220306396,0.0009824428707361221,9,13,13,8,8,-0.0007467344129775079,-4.356928393493377e-06,-0.6938820912124583,-0.6938820912124583,2009-09-13 10:23:00,0.13793103448275862,0.0,0.0,60.0,60.0,240.0,C,"Respuesta persistente: racha maxima >= 2 ventanas, sin tendencia creciente clara."
ramp_lineal__1440_0.50_42,continuous_timeline__01742,ramp_lineal,2009-05-30 15:20:00,2009-05-31 15:19:00,1440,42,0.5,0.03472222222222765,50.0,0.7498263888888889,0.8155437741232068,21.936,17.889768229166666,4.046231770833334,18.44562258767931,10.968,4.046231770833334,0.1685929904513889,1.3024826388888893,0.04041805,0.039014008,0.01589345,False,30,,2009-05-30 15:20:00,2009-05-31 15:19:00,1440,,,,0.041819351287775225,0.0014013015,0.033508446,4.046231770833334,4.046231770833334,0.0,100.0,0.0,0.059915632,0.039014008,0.028897388,True,30,2009-05-31 02:23:00,2009-05-30 15:20:00,2009-05-31 15:19:00,1440,663.0,True,False,0.041819351287775225,-0.01809628,-0.432725,10.968,7.6109,3.3571,69.39186725018236,30.60813274981765,0.03862409,0.039014008,0.0021657422,False,30,,2009-05-30 15:20:00,2009-05-31 15:19:00,1440,,,,0.041819351287775225,0.0031952634,0.07640634,4.0462317708333355,4.0462317708333355,0.0,100.0,0.0,30,70.0,30.0,0.003986088093370199,0.0025565624237060547,0.12112852185964584,0.015893450006842613,19,22,22,16,12,0.0007661315418771558,0.0004494580188486416,0.6507230255839822,0.6507230255839822,2009-05-31 10:23:00,0.6551724137931034,360.0,360.0,480.0,600.0,,D,"Tendencia creciente: >=3 ventanas evaluables, pendiente y correlacion positivas, y el score maximo cae en la 2a mitad del episodio."
ramp_lineal__1440_0.70_22,continuous_timeline__02422,ramp_lineal,2009-01-22 12:20:00,2009-01-23 12:19:00,1440,22,0.7,0.02083333333333659,30.000000000000004,0.8498958333333333,0.8141695147384597,21.713033333333332,17.678089812499998,4.034943520833334,18.583048526154034,6.513910000000001,4.034943520833334,0.1681226467013889,1.2675133333333335,0.018182814,0.018326748,0.0031573242,False,30,,2009-01-22 12:20:00,2009-01-23 12:19:00,1440,,,,0.041819351287775225,0.023636539,0.56520575,4.034943520833334,4.034943520833334,0.0,100.0,0.0,0.019595549,0.018326748,0.0039411457,False,30,,2009-01-22 12:20:00,2009-01-23 12:19:00,1440,,,,0.041819351287775225,0.022223804,0.5314239,6.51391,6.51391,0.0,100.0,0.0,0.018595388,0.018326748,0.003040432,False,30,,2009-01-22 12:20:00,2009-01-23 12:19:00,1440,,,,0.041819351287775225,0.023223964,0.5553401,4.034943520833334,4.034943520833334,0.0,100.0,0.0,30,83.33333333333334,16.666666666666664,0.0008484927238896489,0.0005622659809887409,0.026125716045498848,0.003157324157655239,15,0,0,0,0,-5.506339832079582e-05,1.969336178796034e-06,-0.12836484983314794,-0.12836484983314794,2009-01-23 07:23:00,0.6551724137931034,,,,,,C,"Respuesta persistente: racha maxima >= 2 ventanas, sin tendencia creciente clara."
ramp_lineal__0720_0.30_36,continuous_timeline__00986,ramp_lineal,2009-07-28 11:48:00,2009-07-28 23:47:00,720,36,0.3,0.09722222222222632,70.0,0.649513888888889,0.5905185614916822,9.8468,5.814718171296296,4.032081828703704,40.94814385083178,6.892760000000001,4.032081828703704,0.33600681905864194,2.6493599999999997,0.040159877,0.03791949,0.004172519,False,18,,2009-07-28 11:48:00,2009-07-28 23:47:00,720,,,,0.041819351287775225,0.0016594753,0.039681993,4.032081828703704,4.032081828703704,0.0,100.0,0.0,0.10021998,0.03791949,0.07554849,True,18,2009-07-28 14:23:00,2009-07-28 11:48:00,2009-07-28 23:47:00,720,155.0,True,False,0.041819351287775225,-0.058400627,-1.3964976,6.892759999999999,1.4150966666666667,5.477663333333332,20.530189164669405,79.46981083533059,0.037479952,0.03791949,0.011053396,False,18,,2009-07-28 11:48:00,2009-07-28 23:47:00,720,,,,0.041819351287775225,0.0043394007,0.10376537,4.032081828703704,4.032081828703704,0.0,100.0,0.0,18,88.88888888888889,11.11111111111111,0.0015645627863705158,0.0012897886335849762,0.028606263920664787,0.004172518849372864,12,15,14,10,6,0.0009355619511306594,0.00018376785535192337,0.9174406604747163,0.9174406604747163,2009-07-29 00:23:00,0.7058823529411765,60.0,60.0,480.0,600.0,,D,"Tendencia creciente: >=3 ventanas evaluables, pendiente y correlacion positivas, y el score maximo cae en la 2a mitad del episodio."
ramp_lineal__1440_0.70_23,continuous_timeline__02423,ramp_lineal,2009-10-12 14:41:00,2009-10-13 14:40:00,1440,23,0.7,0.02083333333333659,30.000000000000004,0.8498958333333333,0.8319225366711962,23.9175,19.897507270833334,4.019992729166667,16.807746332880388,7.175250000000002,4.019992729166663,0.16749969704861115,0.8790508333333338,0.025199562,0.024522008,0.0018629879,False,30,,2009-10-12 14:41:00,2009-10-13 14:40:00,1440,,,,0.041819351287775225,0.01661979,0.39741865,4.019992729166668,4.019992729166668,0.0,100.0,0.0,0.026215332,0.024522008,0.0022198595,False,30,,2009-10-12 14:41:00,2009-10-13 14:40:00,1440,,,,0.041819351287775225,0.015604021,0.3731292,7.175250000000001,7.175250000000001,0.0,100.0,0.0,0.025260072,0.024522008,0.0016219318,False,30,,2009-10-12 14:41:00,2009-10-13 14:40:00,1440,,,,0.041819351287775225,0.01655928,0.39597172,4.019992729166665,4.019992729166665,0.0,100.0,0.0,30,70.0,30.0,0.00044236404937691987,0.00013951491564512253,0.01598505675792694,0.0018629878759384155,10,2,0,0,0,4.599788915096563e-05,6.596445395001051e-05,0.10433815350389322,0.10433815350389322,2009-10-13 08:23:00,0.5862068965517241,960.0,,,,,D,"Tendencia creciente: >=3 ventanas evaluables, pendiente y correlacion positivas, y el score maximo cae en la 2a mitad del episodio."
ramp_lineal__0720_0.50_40,continuous_timeline__01690,ramp_lineal,2009-09-23 04:46:00,2009-09-23 16:45:00,720,40,0.5,0.0694444444444442,50.0,0.7496527777777777,0.7535364997686866,16.291833333333333,12.276491064814815,4.015342268518518,24.646350023131333,8.145916666666666,4.01534226851852,0.33461185570987656,1.20285,0.03794629,0.032250546,0.011885002,False,18,,2009-09-23 04:46:00,2009-09-23 16:45:00,720,,,,0.041819351287775225,0.0038730614,0.09261409,4.015342268518519,4.015342268518519,0.0,100.0,0.0,0.03984286,0.032250546,0.014327949,False,18,,2009-09-23 04:46:00,2009-09-23 16:45:00,720,,,,0.041819351287775225,0.0019764937,0.047262657,8.145916666666666,8.145916666666666,0.0,100.0,0.0,0.033585533,0.032250546,0.003281789,False,18,,2009-09-23 04:46:00,2009-09-23 16:45:00,720,,,,0.041819351287775225,0.008233819,0.19689016,4.015342268518519,4.015342268518519,0.0,100.0,0.0,18,88.88888888888889,11.11111111111111,0.0030873653013259172,0.0006575393490493298,0.05560935288667679,0.011885002255439758,16,6,6,6,3,0.00042780607523563833,0.0005655952751390458,0.3333333333333333,0.3333333333333333,2009-09-23 21:23:00,0.9411764705882353,0.0,0.0,0.0,120.0,,D,"Tendencia creciente: >=3 ventanas evaluables, pendiente y correlacion positivas, y el score maximo cae en la 2a mitad del episodio."
ramp_lineal__1440_0.70_04,continuous_timeline__02404,ramp_lineal,2009-05-04 11:38:00,2009-05-05 11:37:00,1440,4,0.7,0.02083333333333659,30.000000000000004,0.8498958333333333,0.8375266263259505,24.655266666666666,20.6494423125,4.005824354166666,16.247337367404935,7.39658,4.005824354166666,0.1669093480902778,1.0728350000000004,0.02624407,0.026103906,0.0014255634,False,30,,2009-05-04 11:38:00,2009-05-05 11:37:00,1440,,,,0.041819351287775225,0.015575282,0.37244198,4.005824354166667,4.005824354166667,0.0,100.0,0.0,0.026246207,0.026103906,0.0023363382,False,30,,2009-05-04 11:38:00,2009-05-05 11:37:00,1440,,,,0.041819351287775225,0.015573146,0.3723909,7.39658,7.39658,0.0,100.0,0.0,0.026135646,0.026103906,0.0026974445,False,30,,2009-05-04 11:38:00,2009-05-05 11:37:00,1440,,,,0.041819351287775225,0.015683707,0.37503466,4.005824354166669,4.005824354166669,0.0,100.0,0.0,30,100.0,0.0,0.0005563573795370758,0.0005658222362399101,0.016690721735358238,0.001425563357770443,30,1,1,0,0,0.00024428728613608774,8.187953743242443e-06,0.32769744160177977,0.32769744160177977,2009-05-05 17:23:00,1.0,1740.0,1740.0,,,,D,"Tendencia creciente: >=3 ventanas evaluables, pendiente y correlacion positivas, y el score maximo cae en la 2a mitad del episodio."
ramp_lineal__1440_0.70_10,continuous_timeline__02410,ramp_lineal,2009-06-26 20:00:00,2009-06-27 19:59:00,1440,10,0.7,0.02083333333333659,30.000000000000004,0.8498958333333333,0.8473152902667045,26.1009,22.115691659722227,3.9852083402777723,15.268470973329551,7.830270000000002,3.9852083402777723,0.16605034751157408,1.1220075,0.037771635,0.037623033,0.002301516,False,30,,2009-06-26 20:00:00,2009-06-27 19:59:00,1440,,,,0.041819351287775225,0.004047718,0.096790545,3.985208340277778,3.985208340277778,0.0,100.0,0.0,0.038533013,0.037623033,0.003794942,False,30,,2009-06-26 20:00:00,2009-06-27 19:59:00,1440,,,,0.041819351287775225,0.0032863393,0.07858417,7.8302700000000005,7.8302700000000005,0.0,100.0,0.0,0.03717316,0.037623033,0.0017503928,False,30,,2009-06-26 20:00:00,2009-06-27 19:59:00,1440,,,,0.041819351287775225,0.0046461932,0.11110151,3.9852083402777727,3.9852083402777727,0.0,100.0,0.0,30,70.0,30.0,0.00043943285709246993,0.0002640681341290474,0.017557576298713684,0.0023015160113573074,13,11,6,6,3,-0.00019792212490344672,5.716670323183991e-05,-0.18665183537263624,-0.18665183537263624,2009-06-27 16:23:00,0.6896551724137931,0.0,0.0,0.0,1080.0,,C,"Respuesta persistente: racha maxima >= 2 ventanas, sin tendencia creciente clara."
ramp_lineal__0720_0.30_09,continuous_timeline__00959,ramp_lineal,2009-05-14 19:55:00,2009-05-15 07:54:00,720,9,0.3,0.09722222222222632,70.0,0.649513888888889,0.7442711954302037,15.579266666666665,11.595199425925925,3.9840672407407407,25.572880456979625,10.905486666666667,3.9840672407407407,0.3320056033950617,3.28062,0.03105826,0.02471376,0.0073419716,False,18,,2009-05-14 19:55:00,2009-05-15 07:54:00,720,,,,0.041819351287775225,0.010761093,0.2573233,3.9840672407407407,3.9840672407407407,0.0,100.0,0.0,0.05074092,0.02471376,0.02818422,True,18,2009-05-15 04:23:00,2009-05-14 19:55:00,2009-05-15 07:54:00,720,508.0,True,False,0.041819351287775225,-0.008921567,-0.21333586,10.905486666666667,8.255310000000001,2.650176666666665,75.69868500442898,24.301314995571023,0.026415845,0.02471376,0.0025121998,False,18,,2009-05-14 19:55:00,2009-05-15 07:54:00,720,,,,0.041819351287775225,0.015403507,0.3683344,3.9840672407407416,3.9840672407407416,0.0,100.0,0.0,18,88.88888888888889,11.11111111111111,0.002282002242282033,0.0020285150967538357,0.04111340641975403,0.00734197162091732,16,8,3,1,0,0.00018315369376703246,0.00023802142144325962,0.21775025799793604,0.21775025799793604,2009-05-15 08:23:00,0.7058823529411765,420.0,600.0,720.0,,,D,"Tendencia creciente: >=3 ventanas evaluables, pendiente y correlacion positivas, y el score maximo cae en la 2a mitad del episodio."
ramp_lineal__0360_0.30_28,continuous_timeline__00928,ramp_lineal,2009-05-17 07:48:00,2009-05-17 13:47:00,360,28,0.3,0.19444444444444153,70.0,0.6490277777777778,0.6243858969239428,10.601233333333333,6.6192605833333324,3.9819727500000006,37.561410307605726,7.420863333333333,3.9819727500000006,0.663662125,2.042934444444444,0.029061608,0.026336575,0.0043070335,False,12,,2009-05-17 07:48:00,2009-05-17 13:47:00,360,,,,0.041819351287775225,0.012757745,0.30506796,3.9819727499999997,3.9819727499999997,0.0,100.0,0.0,0.04285448,0.026336575,0.019204693,True,12,2009-05-17 13:23:00,2009-05-17 07:48:00,2009-05-17 13:47:00,360,335.0,True,False,0.041819351287775225,-0.0010351278,-0.024752364,7.420863333333333,7.075599999999999,0.34526333333333437,95.34739668654903,4.652603313450965,0.029606698,0.026336575,0.0046670064,False,12,,2009-05-17 07:48:00,2009-05-17 13:47:00,360,,,,0.041819351287775225,0.012212655,0.29203355,3.981972750000001,3.981972750000001,0.0,100.0,0.0,12,91.66666666666666,8.333333333333332,0.002244897186756134,0.0034728795289993286,0.02717495523393154,0.004307033494114876,9,6,2,1,0,-0.00018483803483781283,0.0004390169430029141,-0.2517482517482518,-0.2517482517482518,2009-05-17 14:23:00,0.5454545454545454,60.0,120.0,360.0,,,C,"Respuesta persistente: racha maxima >= 2 ventanas, sin tendencia creciente clara."
ramp_lineal__1440_0.70_20,continuous_timeline__02420,ramp_lineal,2009-03-19 20:17:00,2009-03-20 20:16:00,1440,20,0.7,0.02083333333333659,30.000000000000004,0.8498958333333333,0.8250579762514859,22.634866666666667,18.675077284722217,3.95978938194445,17.494202374851408,6.790460000000001,3.9597893819444536,0.16499122424768523,1.7757483333333335,0.024146626,0.024640135,0.0011487994,False,30,,2009-03-19 20:17:00,2009-03-20 20:16:00,1440,,,,0.041819351287775225,0.017672727,0.42259684,3.959789381944445,3.959789381944445,0.0,100.0,0.0,0.0247077,0.024640135,0.0034241322,False,30,,2009-03-19 20:17:00,2009-03-20 20:16:00,1440,,,,0.041819351287775225,0.017111653,0.40918025,6.790460000000001,6.790460000000001,0.0,100.0,0.0,0.024194725,0.024640135,0.0020978004,False,30,,2009-03-19 20:17:00,2009-03-20 20:16:00,1440,,,,0.041819351287775225,0.017624628,0.42144668,3.9597893819444496,3.9597893819444496,0.0,100.0,0.0,30,70.0,30.0,0.0001901288196677342,0.0001812288537621498,0.008594529703259468,0.0011487994343042374,8,1,0,0,0,-3.920891140903631e-05,-1.8138378377883698e-06,-0.07586206896551724,-0.07586206896551724,2009-03-20 07:23:00,0.3793103448275862,660.0,,,,,C,"Respuesta persistente: racha maxima >= 2 ventanas, sin tendencia creciente clara."
ramp_lineal__1440_0.50_35,continuous_timeline__01735,ramp_lineal,2009-10-02 05:35:00,2009-10-03 05:34:00,1440,35,0.5,0.03472222222222765,50.0,0.7498263888888889,0.802579272535665,19.95696666666667,16.01704778935185,3.9399188773148204,19.742072746433507,9.978483333333335,3.9399188773148204,0.16416328655478393,1.01355,0.03730477,0.03542931,0.010726918,False,30,,2009-10-02 05:35:00,2009-10-03 05:34:00,1440,,,,0.041819351287775225,0.0045145825,0.10795438,3.9399188773148146,3.9399188773148146,0.0,100.0,0.0,0.0516476,0.03542931,0.020294003,True,30,2009-10-02 07:23:00,2009-10-02 05:35:00,2009-10-03 05:34:00,1440,108.0,True,False,0.041819351287775225,-0.009828247,-0.23501672,9.978483333333335,1.1389000000000002,8.839583333333335,11.413558172668193,88.58644182733181,0.03565433,0.03542931,0.0029311273,False,30,,2009-10-02 05:35:00,2009-10-03 05:34:00,1440,,,,0.041819351287775225,0.006165024,0.14742036,3.939918877314818,3.939918877314818,0.0,100.0,0.0,30,100.0,0.0,0.0029444871470332146,0.0020597195252776146,0.08833461254835129,0.010726917535066605,30,8,8,6,4,0.00029180124422765184,0.0002385480331466249,0.31078976640711903,0.31078976640711903,2009-10-03 04:23:00,0.7586206896551724,0.0,0.0,0.0,60.0,,D,"Tendencia creciente: >=3 ventanas evaluables, pendiente y correlacion positivas, y el score maximo cae en la 2a mitad del episodio."
ramp_lineal__1440_0.70_33,continuous_timeline__02433,ramp_lineal,2009-04-09 07:03:00,2009-04-10 07:02:00,1440,33,0.7,0.02083333333333659,30.000000000000004,0.8498958333333333,0.8714817929000201,30.624499999999998,26.688694166666664,3.9358058333333332,12.851820709997988,9.187350000000002,3.9358058333333332,0.16399190972222225,1.0599075000000004,0.026598303,0.024650754,0.0019475482,False,30,,2009-04-09 07:03:00,2009-04-10 07:02:00,1440,,,,0.041819351287775225,0.01522105,0.36397144,3.9358058333333337,3.9358058333333337,0.0,100.0,0.0,0.02778337,0.024650754,0.0031326152,False,30,,2009-04-09 07:03:00,2009-04-10 07:02:00,1440,,,,0.041819351287775225,0.014035983,0.33563367,9.187350000000002,9.187350000000002,0.0,100.0,0.0,0.02663209,0.024650754,0.0021866877,False,30,,2009-04-09 07:03:00,2009-04-10 07:02:00,1440,,,,0.041819351287775225,0.0151872635,0.36316353,3.9358058333333323,3.9358058333333323,0.0,100.0,0.0,30,80.0,20.0,0.00044717593118548393,0.0002455522771924734,0.016397815197706223,0.0019475482404232025,19,3,1,0,0,0.00016429667009892212,-1.4218111192026565e-06,0.2360400444938821,0.2360400444938821,2009-04-09 20:23:00,0.4482758620689655,780.0,780.0,,,,C,"Respuesta persistente: racha maxima >= 2 ventanas, sin tendencia creciente clara."
ramp_lineal__1440_0.70_30,continuous_timeline__02430,ramp_lineal,2009-02-01 20:57:00,2009-02-02 20:56:00,1440,30,0.7,0.02083333333333659,30.000000000000004,0.8498958333333333,0.8272872657920425,22.7196,18.795635763888885,3.9239642361111144,17.271273420795765,6.815880000000002,3.9239642361111144,0.16349850983796296,1.1047237500000007,0.019323122,0.018567715,0.0018403577,False,30,,2009-02-01 20:57:00,2009-02-02 20:56:00,1440,,,,0.041819351287775225,0.02249623,0.5379383,3.9239642361111113,3.9239642361111113,0.0,100.0,0.0,0.019474175,0.018567715,0.0030997777,False,30,,2009-02-01 20:57:00,2009-02-02 20:56:00,1440,,,,0.041819351287775225,0.022345178,0.53432626,6.815880000000001,6.815880000000001,0.0,100.0,0.0,0.018927755,0.018567715,0.0020071054,False,30,,2009-02-01 20:57:00,2009-02-02 20:56:00,1440,,,,0.041819351287775225,0.022891598,0.5473924,3.923964236111112,3.923964236111112,0.0,100.0,0.0,30,83.33333333333334,16.666666666666664,0.0006912921671755612,0.0007208390161395073,0.021120600402355194,0.001840357668697834,13,0,0,0,0,-7.568219898308293e-06,3.579532700664343e-05,-0.00689655172413793,-0.00689655172413793,2009-02-02 07:23:00,0.3448275862068966,,,,,,C,"Respuesta persistente: racha maxima >= 2 ventanas, sin tendencia creciente clara."
ramp_lineal__0720_0.30_40,continuous_timeline__00990,ramp_lineal,2009-04-19 15:21:00,2009-04-20 03:20:00,720,40,0.3,0.09722222222222632,70.0,0.649513888888889,0.640937397690324,10.735833333333336,6.880997078703704,3.8548362546296318,35.90626023096761,7.515083333333335,3.8548362546296318,0.3212363545524691,2.0307291666666663,0.027511176,0.01965735,0.012482106,False,18,,2009-04-19 15:21:00,2009-04-20 03:20:00,720,,,,0.041819351287775225,0.014308177,0.3421425,3.8548362546296295,3.8548362546296295,0.0,100.0,0.0,0.04425135,0.01965735,0.024594,True,18,2009-04-19 20:23:00,2009-04-19 15:21:00,2009-04-20 03:20:00,720,302.0,True,False,0.041819351287775225,-0.0024319962,-0.058154803,7.515083333333333,1.7779066666666667,5.737176666666667,23.657843669952655,76.34215633004736,0.022414457,0.01965735,0.0033845548,False,18,,2009-04-19 15:21:00,2009-04-20 03:20:00,720,,,,0.041819351287775225,0.019404896,0.46401712,3.85483625462963,3.85483625462963,0.0,100.0,0.0,18,100.0,0.0,0.003902171738445759,0.0009841732680797577,0.07023908942937851,0.012482105754315853,18,5,1,0,0,0.0008510133516816161,0.0006795107993471239,0.7977296181630547,0.7977296181630547,2009-04-20 03:23:00,0.7058823529411765,720.0,720.0,,,,D,"Tendencia creciente: >=3 ventanas evaluables, pendiente y correlacion positivas, y el score maximo cae en la 2a mitad del episodio."
ramp_lineal__1440_0.70_15,continuous_timeline__02415,ramp_lineal,2009-06-10 16:46:00,2009-06-11 16:45:00,1440,15,0.7,0.02083333333333659,30.000000000000004,0.8498958333333333,0.8615632353938827,27.84316666666667,23.988648756944443,3.854517909722226,13.843676460611734,8.352950000000003,3.854517909722226,0.1606049129050926,0.9288000000000003,0.03492128,0.03491965,0.0033812616,False,30,,2009-06-10 16:46:00,2009-06-11 16:45:00,1440,,,,0.041819351287775225,0.0068980716,0.16494927,3.854517909722223,3.854517909722223,0.0,100.0,0.0,0.035068247,0.03491965,0.003776607,False,30,,2009-06-10 16:46:00,2009-06-11 16:45:00,1440,,,,0.041819351287775225,0.006751105,0.16143495,8.35295,8.35295,0.0,100.0,0.0,0.035028562,0.03491965,0.0032928055,False,30,,2009-06-10 16:46:00,2009-06-11 16:45:00,1440,,,,0.041819351287775225,0.0067907907,0.16238393,3.8545179097222255,3.8545179097222255,0.0,100.0,0.0,30,93.33333333333333,6.666666666666667,0.0014088846510276198,0.0014825710095465183,0.04227881133556366,0.0033812616020441055,25,3,2,2,1,-0.00024370315367639838,6.526969870484047e-05,-0.17819799777530587,-0.17819799777530587,2009-06-10 17:23:00,0.0,0.0,0.0,0.0,0.0,,C,"Respuesta persistente: racha maxima >= 2 ventanas, sin tendencia creciente clara."
ramp_lineal__0720_0.50_45,continuous_timeline__01695,ramp_lineal,2009-08-21 12:38:00,2009-08-22 00:37:00,720,45,0.5,0.0694444444444442,50.0,0.7496527777777777,0.6837875895939142,12.1288,8.293522916666666,3.8352770833333345,31.62124104060859,6.0644,3.8352770833333345,0.31960642361111113,1.979002777777778,0.037878763,0.036504336,0.0027086753,False,18,,2009-08-21 12:38:00,2009-08-22 00:37:00,720,,,,0.041819351287775225,0.0039405897,0.094228856,3.835277083333333,3.835277083333333,0.0,100.0,0.0,0.04719296,0.036504336,0.014694644,True,18,2009-08-21 17:23:00,2009-08-21 12:38:00,2009-08-22 00:37:00,720,285.0,True,False,0.041819351287775225,-0.0053736083,-0.12849574,6.0644,0.8224166666666667,5.241983333333334,13.561385572631535,86.43861442736848,0.03839108,0.036504336,0.004637979,False,18,,2009-08-21 12:38:00,2009-08-22 00:37:00,720,,,,0.041819351287775225,0.003428273,0.08197814,3.8352770833333336,3.8352770833333336,0.0,100.0,0.0,18,83.33333333333334,16.666666666666664,0.0013017719611525536,0.0014254534617066383,0.02391800843179226,0.002708675339818001,12,18,15,7,1,-0.00019702029878694476,0.00017433659864591488,-0.38906088751289986,-0.38906088751289986,2009-08-21 22:23:00,0.5294117647058824,0.0,0.0,0.0,120.0,,C,"Respuesta persistente: racha maxima >= 2 ventanas, sin tendencia creciente clara."
ramp_lineal__0720_0.30_00,continuous_timeline__00950,ramp_lineal,2009-01-18 18:32:00,2009-01-19 06:31:00,720,0,0.3,0.09722222222222632,70.0,0.649513888888889,0.826403311614544,22.000066666666665,18.180927949074075,3.8191387175925904,17.3596688385456,15.400046666666665,3.8191387175925904,0.3182615597993827,1.2721430555555555,0.0360743,0.02329588,0.01277842,False,18,,2009-01-18 18:32:00,2009-01-19 06:31:00,720,,,,0.041819351287775225,0.0057450533,0.13737786,3.8191387175925926,3.8191387175925926,0.0,100.0,0.0,0.060333386,0.02329588,0.03779934,True,18,2009-01-19 04:23:00,2009-01-18 18:32:00,2009-01-19 06:31:00,720,591.0,True,False,0.041819351287775225,-0.018514033,-0.44271448,15.400046666666668,14.94584,0.45420666666666776,97.05061499813637,2.9493850018636376,0.022901302,0.02329588,0.001973061,False,18,,2009-01-18 18:32:00,2009-01-19 06:31:00,720,,,,0.041819351287775225,0.01891805,0.4523755,3.819138717592592,3.819138717592592,0.0,100.0,0.0,18,77.77777777777779,22.22222222222222,0.0038979691453278065,0.0019411379471421242,0.07038003951311111,0.012778420001268387,14,6,6,3,1,0.0010451953233410942,0.0006469488422644887,0.78328173374613,0.78328173374613,2009-01-19 08:23:00,0.7647058823529411,600.0,600.0,660.0,780.0,,D,"Tendencia creciente: >=3 ventanas evaluables, pendiente y correlacion positivas, y el score maximo cae en la 2a mitad del episodio."
ramp_lineal__0360_0.30_09,continuous_timeline__00909,ramp_lineal,2009-01-18 04:19:00,2009-01-18 10:18:00,360,9,0.3,0.19444444444444153,70.0,0.6490277777777778,0.48102560894416757,7.348633333333334,3.5348808240740746,3.8137525092592592,51.897439105583246,5.144043333333334,3.8137525092592597,0.6356254182098765,3.843801111111111,0.022813251,0.021663984,0.0018436275,False,12,,2009-01-18 04:19:00,2009-01-18 10:18:00,360,,,,0.041819351287775225,0.019006101,0.454481,3.8137525092592592,3.8137525092592592,0.0,100.0,0.0,0.05886779,0.021663984,0.03741344,True,12,2009-01-18 07:23:00,2009-01-18 04:19:00,2009-01-18 10:18:00,360,184.0,True,False,0.041819351287775225,-0.017048437,-0.4076686,5.144043333333333,0.62307,4.520973333333333,12.11245628438848,87.88754371561151,0.02616741,0.021663984,0.004979005,False,12,,2009-01-18 04:19:00,2009-01-18 10:18:00,360,,,,0.041819351287775225,0.015651943,0.37427512,3.813752509259259,3.813752509259259,0.0,100.0,0.0,12,58.333333333333336,41.66666666666667,0.00036884238943457603,0.00043917540460824966,0.007930796593427658,0.001843627542257309,6,0,0,0,0,0.0008308319407482663,0.00022550464536135004,0.6713286713286714,0.6713286713286714,2009-01-18 12:23:00,0.7272727272727273,,,,,,D,"Tendencia creciente: >=3 ventanas evaluables, pendiente y correlacion positivas, y el score maximo cae en la 2a mitad del episodio."
ramp_lineal__0360_0.30_13,continuous_timeline__00913,ramp_lineal,2009-12-08 04:34:00,2009-12-08 10:33:00,360,13,0.3,0.19444444444444153,70.0,0.6490277777777778,0.569182598751866,8.8274,5.0244024722222225,3.8029975277777783,43.0817401248134,6.179180000000001,3.8029975277777783,0.6338329212962963,1.8718,0.018307133,0.017169606,0.003480968,False,12,,2009-12-08 04:34:00,2009-12-08 10:33:00,360,,,,0.041819351287775225,0.02351222,0.562233,3.802997527777778,3.802997527777778,0.0,100.0,0.0,0.035263114,0.017169606,0.018404486,False,12,,2009-12-08 04:34:00,2009-12-08 10:33:00,360,,,,0.041819351287775225,0.006556239,0.15677524,6.179180000000001,6.179180000000001,0.0,99.99999999999999,0.0,0.0189768,0.017169606,0.0022095367,False,12,,2009-12-08 04:34:00,2009-12-08 10:33:00,360,,,,0.041819351287775225,0.022842553,0.54621965,3.8029975277777774,3.8029975277777774,0.0,100.0,0.0,12,83.33333333333334,16.666666666666664,0.0013315421529114246,0.0009095435962080956,0.016037624329328537,0.003480968065559864,8,0,0,0,0,-0.0005518770646434141,0.00022053937395135836,-0.6433566433566434,-0.6433566433566434,2009-12-08 10:23:00,0.45454545454545453,,,,,,C,"Respuesta persistente: racha maxima >= 2 ventanas, sin tendencia creciente clara."
ramp_lineal__1440_0.70_38,continuous_timeline__02438,ramp_lineal,2009-10-19 01:06:00,2009-10-20 01:05:00,1440,38,0.7,0.02083333333333659,30.000000000000004,0.8498958333333333,0.8351966857047249,22.81103333333333,19.0516994375,3.759333895833329,16.480331429527507,6.843309999999997,3.7593338958333256,0.15663891232638893,1.1065158333333338,0.022460856,0.023929847,0.0028198473,False,30,,2009-10-19 01:06:00,2009-10-20 01:05:00,1440,,,,0.041819351287775225,0.019358497,0.4629076,3.7593338958333344,3.7593338958333344,0.0,100.0,0.0,0.02311136,0.023929847,0.0029520206,False,30,,2009-10-19 01:06:00,2009-10-20 01:05:00,1440,,,,0.041819351287775225,0.018707993,0.4473525,6.843310000000001,6.843310000000001,0.0,99.99999999999999,0.0,0.023515357,0.023929847,0.0030480567,False,30,,2009-10-19 01:06:00,2009-10-20 01:05:00,1440,,,,0.041819351287775225,0.018303996,0.437692,3.7593338958333296,3.7593338958333296,0.0,100.0,0.0,30,70.0,30.0,0.000371436559362337,0.00033626332879066467,0.016052959486842155,0.0028198473155498505,11,0,0,0,0,0.00011583172671654325,3.344827166885901e-05,0.3441601779755284,0.3441601779755284,2009-10-19 16:23:00,0.5172413793103449,,,,,,D,"Tendencia creciente: >=3 ventanas evaluables, pendiente y correlacion positivas, y el score maximo cae en la 2a mitad del episodio."
ramp_lineal__1440_0.70_31,continuous_timeline__02431,ramp_lineal,2009-06-23 16:53:00,2009-06-24 16:52:00,1440,31,0.7,0.02083333333333659,30.000000000000004,0.8498958333333333,0.8343014128271493,22.666333333333334,18.91055392361111,3.755779409722223,16.56985871728506,6.799900000000001,3.755779409722223,0.15649080873842594,1.1640791666666668,0.036879834,0.036928784,0.0011662524,False,30,,2009-06-23 16:53:00,2009-06-24 16:52:00,1440,,,,0.041819351287775225,0.004939519,0.11811562,3.755779409722223,3.755779409722223,0.0,100.0,0.0,0.036904935,0.036928784,0.0043114927,False,30,,2009-06-23 16:53:00,2009-06-24 16:52:00,1440,,,,0.041819351287775225,0.004914418,0.1175154,6.799900000000002,6.799900000000002,0.0,100.00000000000001,0.0,0.036959928,0.036928784,0.0015623663,False,30,,2009-06-23 16:53:00,2009-06-24 16:52:00,1440,,,,0.041819351287775225,0.004859425,0.11620039,3.7557794097222246,3.7557794097222246,0.0,100.0,0.0,30,56.666666666666664,43.333333333333336,-7.046582322800532e-05,2.2880733013153076e-05,0.004805787466466427,0.0011662524193525314,6,11,8,5,1,-0.0002566933196796336,1.372725032560022e-05,-0.3543937708565072,-0.3543937708565072,2009-06-24 21:23:00,0.9655172413793104,0.0,120.0,240.0,240.0,,C,"Respuesta persistente: racha maxima >= 2 ventanas, sin tendencia creciente clara."
ramp_lineal__0720_0.30_08,continuous_timeline__00958,ramp_lineal,2009-12-04 19:46:00,2009-12-05 07:45:00,720,8,0.3,0.09722222222222632,70.0,0.649513888888889,0.714601847394307,13.155666666666665,9.401063703703704,3.754602962962961,28.5398152605693,9.208966666666665,3.754602962962961,0.3128835802469136,3.0900800000000004,0.021153081,0.020287633,0.005981805,False,18,,2009-12-04 19:46:00,2009-12-05 07:45:00,720,,,,0.041819351287775225,0.020666271,0.4941796,3.754602962962963,3.754602962962963,0.0,100.0,0.0,0.032653924,0.020287633,0.018410321,False,18,,2009-12-04 19:46:00,2009-12-05 07:45:00,720,,,,0.041819351287775225,0.009165429,0.21916716,9.208966666666667,9.208966666666667,0.0,100.0,0.0,0.021044293,0.020287633,0.0016170572,False,18,,2009-12-04 19:46:00,2009-12-05 07:45:00,720,,,,0.041819351287775225,0.02077506,0.496781,3.754602962962962,3.754602962962962,0.0,100.0,0.0,18,83.33333333333334,16.666666666666664,0.0017746840603649616,0.000802590511739254,0.032295454293489456,0.005981804803013802,11,0,0,0,0,-3.856894347751319e-05,0.0002858364873856951,0.0010319917440660476,0.0010319917440660476,2009-12-05 08:23:00,0.7058823529411765,,,,,,C,"Respuesta persistente: racha maxima >= 2 ventanas, sin tendencia creciente clara."
ramp_lineal__1440_0.70_28,continuous_timeline__02428,ramp_lineal,2009-09-16 09:34:00,2009-09-17 09:33:00,1440,28,0.7,0.02083333333333659,30.000000000000004,0.8498958333333333,0.8628069843621148,27.284166666666668,23.5409695625,3.7431971041666685,13.719301563788528,8.185250000000003,3.7431971041666685,0.15596654600694448,0.91466,0.034845587,0.034109347,0.0013044775,False,30,,2009-09-16 09:34:00,2009-09-17 09:33:00,1440,,,,0.041819351287775225,0.006973766,0.1667593,3.7431971041666676,3.7431971041666676,0.0,100.0,0.0,0.037219085,0.034109347,0.006728165,False,30,,2009-09-16 09:34:00,2009-09-17 09:33:00,1440,,,,0.041819351287775225,0.004600268,0.11000332,8.185250000000002,8.185250000000002,0.0,100.0,0.0,0.03554133,0.034109347,0.0026445445,False,30,,2009-09-16 09:34:00,2009-09-17 09:33:00,1440,,,,0.041819351287775225,0.006278023,0.15012243,3.7431971041666667,3.7431971041666667,0.0,100.0,0.0,30,73.33333333333333,26.666666666666668,0.00027141813188791275,0.0003810953348875046,0.012672770768404007,0.0013044774532318115,10,5,5,4,1,-0.0001327064364850191,-4.143413732261363e-06,-0.14616240266963293,-0.14616240266963293,2009-09-16 18:23:00,0.27586206896551724,360.0,360.0,420.0,480.0,,C,"Respuesta persistente: racha maxima >= 2 ventanas, sin tendencia creciente clara."
ramp_lineal__0720_0.70_34,continuous_timeline__02384,ramp_lineal,2009-02-20 15:51:00,2009-02-21 03:50:00,720,34,0.7,0.04166666666666208,30.000000000000004,0.8497916666666667,0.8571641180341091,26.174166666666668,22.43555648611111,3.7386101805555576,14.283588196589095,7.852250000000005,3.7386101805555576,0.31155084837962965,1.0837600000000003,0.019245952,0.018579338,0.0009500198,False,18,,2009-02-20 15:51:00,2009-02-21 03:50:00,720,,,,0.041819351287775225,0.0225734,0.5397836,3.738610180555556,3.738610180555556,0.0,100.0,0.0,0.019248405,0.018579338,0.0013889722,False,18,,2009-02-20 15:51:00,2009-02-21 03:50:00,720,,,,0.041819351287775225,0.022570947,0.53972495,7.852250000000001,7.852250000000001,0.0,100.0,0.0,0.018694595,0.018579338,0.00028208364,False,18,,2009-02-20 15:51:00,2009-02-21 03:50:00,720,,,,0.041819351287775225,0.023124758,0.55296785,3.7386101805555563,3.7386101805555563,0.0,100.0,0.0,18,72.22222222222221,27.77777777777778,0.0003357100358698517,0.00037130131386220455,0.00639384938403964,0.0009500198066234589,12,0,0,0,0,-0.0002365508924120165,6.0876062037990296e-05,-0.3952528379772961,-0.3952528379772961,2009-02-21 09:23:00,1.0,,,,,,C,"Respuesta persistente: racha maxima >= 2 ventanas, sin tendencia creciente clara."
ramp_lineal__0720_0.50_09,continuous_timeline__01659,ramp_lineal,2009-03-18 04:27:00,2009-03-18 16:26:00,720,9,0.5,0.0694444444444442,50.0,0.7496527777777777,0.7397354787293464,14.355633333333333,10.619371296296295,3.7362620370370383,26.02645212706537,7.177816666666667,3.7362620370370383,0.31135516975308636,1.3390499999999999,0.028028697,0.027839165,0.0018016528,False,18,,2009-03-18 04:27:00,2009-03-18 16:26:00,720,,,,0.041819351287775225,0.013790656,0.32976732,3.7362620370370365,3.7362620370370365,0.0,100.0,0.0,0.031110674,0.027839165,0.007845538,False,18,,2009-03-18 04:27:00,2009-03-18 16:26:00,720,,,,0.041819351287775225,0.0107086785,0.25606993,7.177816666666667,7.177816666666667,0.0,100.0,0.0,0.028809404,0.027839165,0.0016792817,False,18,,2009-03-18 04:27:00,2009-03-18 16:26:00,720,,,,0.041819351287775225,0.013009949,0.31109875,3.7362620370370374,3.7362620370370374,0.0,100.0,0.0,18,94.44444444444444,5.555555555555555,0.0005933301872573793,0.0005371216684579849,0.011229090392589569,0.0018016528338193893,16,4,4,0,0,-0.0006036079777990942,4.225556610846114e-07,-0.48194014447884415,-0.48194014447884415,2009-03-18 07:23:00,0.11764705882352941,0.0,0.0,,,,C,"Respuesta persistente: racha maxima >= 2 ventanas, sin tendencia creciente clara."
ramp_lineal__1440_0.70_17,continuous_timeline__02417,ramp_lineal,2009-03-20 10:22:00,2009-03-21 10:21:00,1440,17,0.7,0.02083333333333659,30.000000000000004,0.8498958333333333,0.8489263799198052,24.70936666666667,20.976433194444443,3.7329334722222285,15.107362008019473,7.412810000000004,3.732933472222232,0.15553889467592594,1.5047187500000003,0.023895977,0.023604674,0.0014254749,False,30,,2009-03-20 10:22:00,2009-03-21 10:21:00,1440,,,,0.041819351287775225,0.017923376,0.42859045,3.7329334722222227,3.7329334722222227,0.0,100.0,0.0,0.02362072,0.023604674,0.0014999118,False,30,,2009-03-20 10:22:00,2009-03-21 10:21:00,1440,,,,0.041819351287775225,0.018198634,0.43517253,7.412810000000001,7.412810000000001,0.0,100.00000000000001,0.0,0.02403428,0.023604674,0.00069811754,False,30,,2009-03-20 10:22:00,2009-03-21 10:21:00,1440,,,,0.041819351287775225,0.017785072,0.4252833,3.7329334722222285,3.7329334722222285,0.0,100.0,0.0,30,76.66666666666667,23.333333333333332,6.204826786415651e-05,0.00017655780538916588,0.007431843783706427,0.0014254748821258545,11,0,0,0,0,0.0003248583667344919,9.292949952425499e-06,0.4634037819799778,0.4634037819799778,2009-03-20 19:23:00,0.3103448275862069,,,,,,C,"Respuesta persistente: racha maxima >= 2 ventanas, sin tendencia creciente clara."
ramp_lineal__0360_0.30_43,continuous_timeline__00943,ramp_lineal,2009-06-06 16:16:00,2009-06-06 22:15:00,360,43,0.3,0.19444444444444153,70.0,0.6490277777777778,0.5678145050994742,8.635966666666667,4.903627138888889,3.7323395277777776,43.21854949005258,6.045176666666666,3.7323395277777767,0.6220565879629629,2.8216650000000003,0.027613303,0.026336204,0.0034202822,False,12,,2009-06-06 16:16:00,2009-06-06 22:15:00,360,,,,0.041819351287775225,0.01420605,0.33970037,3.732339527777777,3.732339527777777,0.0,100.0,0.0,0.040520396,0.026336204,0.015144171,False,12,,2009-06-06 16:16:00,2009-06-06 22:15:00,360,,,,0.041819351287775225,0.0012989566,0.031061135,6.045176666666666,6.045176666666666,0.0,100.0,0.0,0.029340353,0.026336204,0.003618516,False,12,,2009-06-06 16:16:00,2009-06-06 22:15:00,360,,,,0.041819351287775225,0.012479,0.29840252,3.7323395277777776,3.7323395277777776,0.0,100.0,0.0,12,83.33333333333334,16.666666666666664,0.0015549712115898728,0.0016780784353613853,0.019150665029883385,0.003420282155275345,7,3,2,0,0,-0.0004532259426542091,0.0003476871789752186,-0.6993006993006995,-0.6993006993006995,2009-06-06 21:23:00,0.45454545454545453,0.0,0.0,,,,C,"Respuesta persistente: racha maxima >= 2 ventanas, sin tendencia creciente clara."
ramp_lineal__0720_0.50_15,continuous_timeline__01665,ramp_lineal,2009-05-09 03:04:00,2009-05-09 15:03:00,720,15,0.5,0.0694444444444442,50.0,0.7496527777777777,0.714730569500547,12.9145,9.230387939814815,3.6841120601851856,28.5269430499453,6.45725,3.6841120601851856,0.30700933834876537,1.6671111111111108,0.028136663,0.0274158,0.0013092719,False,18,,2009-05-09 03:04:00,2009-05-09 15:03:00,720,,,,0.041819351287775225,0.0136826895,0.3271856,3.6841120601851847,3.6841120601851847,0.0,100.0,0.0,0.02864241,0.0274158,0.0041756816,False,18,,2009-05-09 03:04:00,2009-05-09 15:03:00,720,,,,0.041819351287775225,0.013176942,0.31509197,6.45725,6.45725,0.0,100.0,0.0,0.0279777,0.0274158,0.0012659319,False,18,,2009-05-09 03:04:00,2009-05-09 15:03:00,720,,,,0.041819351287775225,0.013841653,0.3309868,3.6841120601851856,3.6841120601851856,0.0,100.0,0.0,18,61.111111111111114,38.88888888888889,0.00015361042460426688,0.00013528671115636826,0.005271922796964645,0.001309271901845932,4,1,1,0,0,0.0002628295010549737,-3.9411668345654353e-07,0.28998968008255926,0.28998968008255926,2009-05-09 16:23:00,0.7647058823529411,780.0,780.0,,,,D,"Tendencia creciente: >=3 ventanas evaluables, pendiente y correlacion positivas, y el score maximo cae en la 2a mitad del episodio."
ramp_lineal__0720_0.30_43,continuous_timeline__00993,ramp_lineal,2009-05-21 23:27:00,2009-05-22 11:26:00,720,43,0.3,0.09722222222222632,70.0,0.649513888888889,0.6047453192379829,9.265466666666667,5.603247597222222,3.6622190694444443,39.52546807620171,6.485826666666667,3.6622190694444443,0.30518492245370366,2.0304374999999992,0.030826552,0.025881045,0.008662212,False,18,,2009-05-21 23:27:00,2009-05-22 11:26:00,720,,,,0.041819351287775225,0.010992801,0.26286396,3.6622190694444443,3.6622190694444443,0.0,100.0,0.0,0.041755877,0.025881045,0.02617031,False,18,,2009-05-21 23:27:00,2009-05-22 11:26:00,720,,,,0.041819351287775225,6.347522e-05,0.0015178432,6.485826666666667,6.485826666666667,0.0,100.0,0.0,0.027009374,0.025881045,0.0036394354,False,18,,2009-05-21 23:27:00,2009-05-22 11:26:00,720,,,,0.041819351287775225,0.014809979,0.35414177,3.6622190694444443,3.6622190694444443,0.0,100.0,0.0,18,100.0,0.0,0.0031623239628970623,0.002092200331389904,0.056921832263469696,0.008662211708724499,18,5,3,2,0,0.0007705398699724266,0.0003708510181959814,0.653250773993808,0.653250773993808,2009-05-22 15:23:00,0.8823529411764706,780.0,780.0,900.0,,,D,"Tendencia creciente: >=3 ventanas evaluables, pendiente y correlacion positivas, y el score maximo cae en la 2a mitad del episodio."
ramp_lineal__1440_0.70_19,continuous_timeline__02419,ramp_lineal,2009-05-17 02:47:00,2009-05-18 02:46:00,1440,19,0.7,0.02083333333333659,30.000000000000004,0.8498958333333333,0.8525152993204952,24.823633333333337,21.16252720138889,3.6611061319444467,14.748470067950487,7.447090000000003,3.6611061319444467,0.15254608883101853,0.967365,0.026725382,0.026336575,0.0028578378,False,30,,2009-05-17 02:47:00,2009-05-18 02:46:00,1440,,,,0.041819351287775225,0.015093971,0.36093268,3.6611061319444445,3.6611061319444445,0.0,100.0,0.0,0.030271215,0.026336575,0.0042205174,False,30,,2009-05-17 02:47:00,2009-05-18 02:46:00,1440,,,,0.041819351287775225,0.011548137,0.27614337,7.447090000000001,7.447090000000001,0.0,100.0,0.0,0.027868737,0.026336575,0.0024796221,False,30,,2009-05-17 02:47:00,2009-05-18 02:46:00,1440,,,,0.041819351287775225,0.013950616,0.33359236,3.6611061319444445,3.6611061319444445,0.0,100.0,0.0,30,63.33333333333333,36.666666666666664,0.00035675850813277066,0.00017869751900434494,0.013918963260948658,0.002857837826013565,3,6,2,0,0,1.5171922047159201e-05,3.5302770698030746e-05,0.15595105672969967,0.15595105672969967,2009-05-17 11:23:00,0.27586206896551724,360.0,420.0,,,,C,"Respuesta persistente: racha maxima >= 2 ventanas, sin tendencia creciente clara."
ramp_lineal__0720_0.50_30,continuous_timeline__01680,ramp_lineal,2009-11-24 07:28:00,2009-11-24 19:27:00,720,30,0.5,0.0694444444444442,50.0,0.7496527777777777,0.790080876183339,17.347333333333335,13.705796319444444,3.6415370138888914,20.991912381666104,8.673666666666668,3.641537013888895,0.30346141782407404,2.211923611111111,0.028800402,0.026438512,0.009632028,False,18,,2009-11-24 07:28:00,2009-11-24 19:27:00,720,,,,0.041819351287775225,0.013018951,0.31131402,3.6415370138888883,3.6415370138888883,0.0,100.0,0.0,0.028809605,0.026438512,0.006834098,False,18,,2009-11-24 07:28:00,2009-11-24 19:27:00,720,,,,0.041819351287775225,0.0130097475,0.31109396,8.673666666666668,8.673666666666668,0.0,100.0,0.0,0.027324231,0.026438512,0.004387024,False,18,,2009-11-24 07:28:00,2009-11-24 19:27:00,720,,,,0.041819351287775225,0.014495121,0.34661275,3.641537013888891,3.641537013888891,0.0,100.0,0.0,18,88.88888888888889,11.11111111111111,0.0032751813996583223,0.002864415757358074,0.05909654498100281,0.009632027707993984,13,2,1,1,0,0.0006129684943563553,0.0002453449077450577,0.6759545923632612,0.6759545923632612,2009-11-25 01:23:00,1.0,480.0,1020.0,1020.0,,,D,"Tendencia creciente: >=3 ventanas evaluables, pendiente y correlacion positivas, y el score maximo cae en la 2a mitad del episodio."
ramp_lineal__0360_0.30_00,continuous_timeline__00900,ramp_lineal,2008-12-17 07:44:00,2008-12-17 13:43:00,360,0,0.3,0.19444444444444153,70.0,0.6490277777777778,0.6773543983790451,11.261766666666666,7.628207185185185,3.6335594814814813,32.26456016209548,7.883236666666667,3.6335594814814822,0.6055932469135802,1.6171166666666665,0.014516878,0.014504578,0.003363355,False,12,,2008-12-17 07:44:00,2008-12-17 13:43:00,360,,,,0.041819351287775225,0.027302474,0.65286696,3.6335594814814813,3.6335594814814813,0.0,100.0,0.0,0.016087588,0.014504578,0.006532051,False,12,,2008-12-17 07:44:00,2008-12-17 13:43:00,360,,,,0.041819351287775225,0.025731765,0.61530757,7.883236666666666,7.883236666666666,0.0,100.0,0.0,0.01461024,0.014504578,0.00085235387,False,12,,2008-12-17 07:44:00,2008-12-17 13:43:00,360,,,,0.041819351287775225,0.027209112,0.65063447,3.6335594814814827,3.6335594814814827,0.0,100.0,0.0,12,100.0,0.0,0.001467690453864634,0.0014272395055741072,0.017612285912036896,0.0033633550629019737,12,0,0,0,0,-9.650452765864083e-05,0.0002937196376179898,-0.2797202797202798,-0.2797202797202798,2008-12-17 08:23:00,0.0,,,,,,C,"Respuesta persistente: racha maxima >= 2 ventanas, sin tendencia creciente clara."
ramp_lineal__0360_0.30_45,continuous_timeline__00945,ramp_lineal,2009-01-28 05:01:00,2009-01-28 11:00:00,360,45,0.3,0.19444444444444153,70.0,0.6490277777777778,0.5558375171035345,8.142133333333334,4.525703175925925,3.6164301574074083,44.41624828964655,5.699493333333334,3.6164301574074083,0.6027383595679012,2.2370599999999996,0.020678164,0.020326585,0.0031975778,False,12,,2009-01-28 05:01:00,2009-01-28 11:00:00,360,,,,0.041819351287775225,0.021141188,0.505536,3.6164301574074074,3.6164301574074074,0.0,100.0,0.0,0.040630203,0.020326585,0.026005488,False,12,,2009-01-28 05:01:00,2009-01-28 11:00:00,360,,,,0.041819351287775225,0.0011891499,0.028435398,5.699493333333334,5.699493333333334,0.0,100.0,0.0,0.022548249,0.020326585,0.0034045363,False,12,,2009-01-28 05:01:00,2009-01-28 11:00:00,360,,,,0.041819351287775225,0.019271104,0.46081784,3.6164301574074083,3.6164301574074083,0.0,100.0,0.0,12,91.66666666666666,8.333333333333332,0.0016358193242922425,0.0018365737050771713,0.019656265154480934,0.0031975777819752693,11,0,0,0,0,-0.001079589144776125,0.0002717827690986695,-0.7272727272727274,-0.7272727272727274,2009-01-28 08:23:00,0.2727272727272727,,,,,,C,"Respuesta persistente: racha maxima >= 2 ventanas, sin tendencia creciente clara."
ramp_lineal__0360_0.30_47,continuous_timeline__00947,ramp_lineal,2009-02-02 15:15:00,2009-02-02 21:14:00,360,47,0.3,0.19444444444444153,70.0,0.6490277777777778,0.5120706107872486,7.404833333333333,3.7917975277777782,3.613035805555555,48.79293892127514,5.1833833333333335,3.613035805555555,0.6021726342592592,2.032286666666667,0.017024528,0.016030023,0.0030783517,False,12,,2009-02-02 15:15:00,2009-02-02 21:14:00,360,,,,0.041819351287775225,0.024794824,0.59290314,3.613035805555555,3.613035805555555,0.0,100.0,0.0,0.034172293,0.016030023,0.018310705,False,12,,2009-02-02 15:15:00,2009-02-02 21:14:00,360,,,,0.041819351287775225,0.00764706,0.18285936,5.183383333333334,5.183383333333334,0.0,100.00000000000001,0.0,0.022051523,0.016030023,0.006189935,False,12,,2009-02-02 15:15:00,2009-02-02 21:14:00,360,,,,0.041819351287775225,0.01976783,0.47269574,3.613035805555555,3.613035805555555,0.0,100.0,0.0,12,100.0,0.0,0.001303063123486936,0.0009897849522531033,0.015636757016181946,0.003078351728618145,12,0,0,0,0,5.741925402121131e-05,0.00016044221583988287,-0.027972027972027972,-0.027972027972027972,2009-02-02 18:23:00,0.2727272727272727,,,,,,C,"Respuesta persistente: racha maxima >= 2 ventanas, sin tendencia creciente clara."
ramp_lineal__0720_0.50_49,continuous_timeline__01699,ramp_lineal,2009-12-01 05:03:00,2009-12-01 17:02:00,720,49,0.5,0.0694444444444442,50.0,0.7496527777777777,0.782576842867156,16.592,12.984514976851852,3.607485023148147,21.7423157132844,8.296,3.607485023148147,0.30062375192901236,0.68425,0.017679736,0.01666167,0.0032806424,False,18,,2009-12-01 05:03:00,2009-12-01 17:02:00,720,,,,0.041819351287775225,0.024139617,0.5772355,3.6074850231481483,3.6074850231481483,0.0,100.0,0.0,0.01740535,0.01666167,0.0048918473,False,18,,2009-12-01 05:03:00,2009-12-01 17:02:00,720,,,,0.041819351287775225,0.024414003,0.58379674,8.296,8.296,0.0,100.0,0.0,0.017118199,0.01666167,0.0016040988,False,18,,2009-12-01 05:03:00,2009-12-01 17:02:00,720,,,,0.041819351287775225,0.024701154,0.59066325,3.607485023148148,3.607485023148148,0.0,100.0,0.0,18,72.22222222222221,27.77777777777778,0.0011970963096246123,0.0012931886594742537,0.022531503811478615,0.003280642442405224,11,0,0,0,0,6.777490609324519e-05,0.0001952098644078085,0.11248710010319916,0.11248710010319916,2009-12-01 20:23:00,0.8823529411764706,,,,,,D,"Tendencia creciente: >=3 ventanas evaluables, pendiente y correlacion positivas, y el score maximo cae en la 2a mitad del episodio."
ramp_lineal__0360_0.30_49,continuous_timeline__00949,ramp_lineal,2009-03-27 03:40:00,2009-03-27 09:39:00,360,49,0.3,0.19444444444444153,70.0,0.6490277777777778,0.5408391804172242,7.848166666666667,4.244596027777778,3.603570638888889,45.91608195827759,5.493716666666667,3.603570638888888,0.6005951064814815,2.611548333333333,0.020821178,0.02092268,0.0033062827,False,12,,2009-03-27 03:40:00,2009-03-27 09:39:00,360,,,,0.041819351287775225,0.020998174,0.5021162,3.603570638888889,3.603570638888889,0.0,100.0,0.0,0.031322006,0.02092268,0.011862044,False,12,,2009-03-27 03:40:00,2009-03-27 09:39:00,360,,,,0.041819351287775225,0.0104973465,0.25101647,5.493716666666668,5.493716666666668,0.0,100.0,0.0,0.02184438,0.02092268,0.0019812519,False,12,,2009-03-27 03:40:00,2009-03-27 09:39:00,360,,,,0.041819351287775225,0.019974973,0.47764903,3.603570638888888,3.603570638888888,0.0,100.0,0.0,12,83.33333333333334,16.666666666666664,0.001202701241709292,0.0009887306950986385,0.015032035298645496,0.0033062826842069626,9,0,0,0,0,-0.0011626757059402602,0.00023953183358730546,-0.8041958041958043,-0.8041958041958043,2009-03-27 06:23:00,0.18181818181818182,,,,,,C,"Respuesta persistente: racha maxima >= 2 ventanas, sin tendencia creciente clara."
ramp_lineal__0720_0.50_13,continuous_timeline__01663,ramp_lineal,2009-07-05 11:47:00,2009-07-05 23:46:00,720,13,0.5,0.0694444444444442,50.0,0.7496527777777777,0.7447210106407239,13.8058,10.281469328703706,3.524330671296294,25.527898935927613,6.9029,3.5243306712962923,0.29369422260802475,1.5852527777777776,0.030739715,0.030739082,0.0035587996,False,18,,2009-07-05 11:47:00,2009-07-05 23:46:00,720,,,,0.041819351287775225,0.011079637,0.26494044,3.5243306712962967,3.5243306712962967,0.0,100.0,0.0,0.032531913,0.030739082,0.006088337,False,18,,2009-07-05 11:47:00,2009-07-05 23:46:00,720,,,,0.041819351287775225,0.009287439,0.22208472,6.9029,6.9029,0.0,100.0,0.0,0.03164685,0.030739082,0.0031080395,False,18,,2009-07-05 11:47:00,2009-07-05 23:46:00,720,,,,0.041819351287775225,0.010172501,0.24324866,3.524330671296293,3.524330671296293,0.0,100.0,0.0,18,94.44444444444444,5.555555555555555,0.001152151613496244,0.0010798471048474312,0.020743902772665024,0.003558799624443054,15,4,3,2,0,0.00024054236556292837,0.00013215033677709359,0.3023735810113519,0.3023735810113519,2009-07-05 13:23:00,0.058823529411764705,0.0,0.0,60.0,,,C,"Respuesta persistente: racha maxima >= 2 ventanas, sin tendencia creciente clara."
ramp_lineal__0720_0.30_20,continuous_timeline__00970,ramp_lineal,2009-04-03 14:10:00,2009-04-04 02:09:00,720,20,0.3,0.09722222222222632,70.0,0.649513888888889,0.6890632493930711,11.239033333333333,7.744404828703705,3.4946285046296284,31.093675060692895,7.867323333333333,3.4946285046296275,0.29121904205246907,1.5560999999999998,0.022404013,0.021832943,0.004653182,False,18,,2009-04-03 14:10:00,2009-04-04 02:09:00,720,,,,0.041819351287775225,0.01941534,0.46426687,3.4946285046296293,3.4946285046296293,0.0,100.0,0.0,0.037199467,0.021832943,0.017255213,False,18,,2009-04-03 14:10:00,2009-04-04 02:09:00,720,,,,0.041819351287775225,0.0046198852,0.110472426,7.867323333333333,7.867323333333333,0.0,100.0,0.0,0.023458391,0.021832943,0.0022659693,False,18,,2009-04-03 14:10:00,2009-04-04 02:09:00,720,,,,0.041819351287775225,0.018360961,0.43905416,3.4946285046296284,3.4946285046296284,0.0,100.0,0.0,18,88.88888888888889,11.11111111111111,0.0019425906939432025,0.0019627618603408337,0.03509847819805145,0.004653181880712509,15,0,0,0,0,0.00020717511624405446,0.00024491003392527593,0.3312693498452013,0.3312693498452013,2009-04-04 04:23:00,0.8235294117647058,,,,,,D,"Tendencia creciente: >=3 ventanas evaluables, pendiente y correlacion positivas, y el score maximo cae en la 2a mitad del episodio."
ramp_lineal__0360_0.30_03,continuous_timeline__00903,ramp_lineal,2009-11-03 05:13:00,2009-11-03 11:12:00,360,3,0.3,0.19444444444444153,70.0,0.6490277777777778,0.535113547133687,7.490199999999999,4.008107490740741,3.4820925092592576,46.488645286631304,5.243139999999999,3.4820925092592567,0.5803487515432099,3.321157777777778,0.03442108,0.032498978,0.0033302996,False,12,,2009-11-03 05:13:00,2009-11-03 11:12:00,360,,,,0.041819351287775225,0.007398274,0.1769103,3.4820925092592594,3.4820925092592594,0.0,99.99999999999999,0.0,0.054523002,0.032498978,0.02881846,True,12,2009-11-03 08:23:00,2009-11-03 05:13:00,2009-11-03 11:12:00,360,190.0,True,False,0.041819351287775225,-0.01270365,-0.30377442,5.2431399999999995,1.6476133333333332,3.5955266666666663,31.424172029229304,68.5758279707707,0.033593312,0.032498978,0.0062595997,False,12,,2009-11-03 05:13:00,2009-11-03 11:12:00,360,,,,0.041819351287775225,0.008226041,0.19670416,3.4820925092592576,3.4820925092592576,0.0,100.0,0.0,12,91.66666666666666,8.333333333333332,0.0013855620054528117,0.0013618730008602142,0.016891229897737503,0.0033302996307611465,9,9,4,4,1,0.0011101654450689166,0.00013648431383438047,0.8251748251748254,0.8251748251748254,2009-11-03 15:23:00,0.9090909090909091,180.0,240.0,240.0,600.0,,D,"Tendencia creciente: >=3 ventanas evaluables, pendiente y correlacion positivas, y el score maximo cae en la 2a mitad del episodio."
ramp_lineal__0720_0.30_06,continuous_timeline__00956,ramp_lineal,2009-05-10 19:27:00,2009-05-11 07:26:00,720,6,0.3,0.09722222222222632,70.0,0.649513888888889,0.7437886432260156,13.5627,10.08778223148148,3.4749177685185195,25.621135677398453,9.49389,3.4749177685185195,0.2895764807098765,3.4978125,0.03675942,0.0367207,0.009239932,False,18,,2009-05-10 19:27:00,2009-05-11 07:26:00,720,,,,0.041819351287775225,0.0050599314,0.12099497,3.4749177685185177,3.4749177685185177,0.0,100.0,0.0,0.049191985,0.0367207,0.025133817,True,18,2009-05-11 05:23:00,2009-05-10 19:27:00,2009-05-11 07:26:00,720,596.0,True,False,0.041819351287775225,-0.0073726326,-0.17629714,9.493889999999999,7.6368599999999995,1.857029999999999,80.4397354509058,19.5602645490942,0.036827557,0.0367207,0.0025401134,False,18,,2009-05-10 19:27:00,2009-05-11 07:26:00,720,,,,0.041819351287775225,0.004991796,0.11936569,3.4749177685185186,3.4749177685185186,0.0,100.0,0.0,18,83.33333333333334,16.666666666666664,0.0027570847887545824,0.0016587073914706707,0.05153520405292511,0.009239931590855122,9,3,2,1,1,-0.0005566732702301996,0.0004378104730440981,-0.3766769865841073,-0.3766769865841073,2009-05-10 20:23:00,0.0,0.0,0.0,0.0,0.0,,C,"Respuesta persistente: racha maxima >= 2 ventanas, sin tendencia creciente clara."
ramp_lineal__1440_0.70_03,continuous_timeline__02403,ramp_lineal,2009-07-04 06:08:00,2009-07-05 06:07:00,1440,3,0.7,0.02083333333333659,30.000000000000004,0.8498958333333333,0.8495945124666608,23.079333333333334,19.60807495138889,3.4712583819444447,15.04054875333391,6.9238000000000035,3.4712583819444447,0.14463576591435187,1.0580541666666665,0.05708874,0.056907605,0.0016419198,False,30,,2009-07-04 06:08:00,2009-07-05 06:07:00,1440,,,,0.041819351287775225,-0.0152693875,-0.3651273,3.471258381944445,3.471258381944445,0.0,100.0,0.0,0.06069214,0.056907605,0.0048389174,False,30,,2009-07-04 06:08:00,2009-07-05 06:07:00,1440,,,,0.041819351287775225,-0.018872786,-0.4512931,6.923800000000001,6.923800000000001,0.0,100.0,0.0,0.057828266,0.056907605,0.0020308718,False,30,,2009-07-04 06:08:00,2009-07-05 06:07:00,1440,,,,0.041819351287775225,-0.016008914,-0.38281113,3.4712583819444456,3.4712583819444456,0.0,100.0,0.0,30,73.33333333333333,26.666666666666668,0.00020764100190717727,0.00016070343554019928,0.01102728582918644,0.0016419198364019394,9,13,12,10,9,-0.0007924502964097355,-6.141989917657005e-06,-0.6057842046718577,-0.6057842046718577,2009-07-04 12:23:00,0.20689655172413793,0.0,0.0,60.0,120.0,180.0,C,"Respuesta persistente: racha maxima >= 2 ventanas, sin tendencia creciente clara."
ramp_lineal__0720_0.70_32,continuous_timeline__02382,ramp_lineal,2009-11-15 07:02:00,2009-11-15 19:01:00,720,32,0.7,0.04166666666666208,30.000000000000004,0.8497916666666667,0.7931721975335705,16.726833333333335,13.267259152777777,3.459574180555558,20.682780246642967,5.018050000000001,3.459574180555556,0.28829784837962963,2.341476666666667,0.026197312,0.026200823,0.0005845167,False,18,,2009-11-15 07:02:00,2009-11-15 19:01:00,720,,,,0.041819351287775225,0.01562204,0.37356007,3.4595741805555558,3.4595741805555558,0.0,100.0,0.0,0.026166396,0.026200823,0.0024314225,False,18,,2009-11-15 07:02:00,2009-11-15 19:01:00,720,,,,0.041819351287775225,0.015652956,0.37429935,5.0180500000000015,5.0180500000000015,0.0,100.0,0.0,0.026054965,0.026200823,0.0014567431,False,18,,2009-11-15 07:02:00,2009-11-15 19:01:00,720,,,,0.041819351287775225,0.015764387,0.3769639,3.4595741805555553,3.4595741805555553,0.0,100.0,0.0,18,55.55555555555556,44.44444444444444,-0.00018006439495366067,0.00013750512152910233,0.0029512979090213776,0.0005845166742801666,6,2,1,0,0,0.00011090361642948252,-2.3016896410254135e-05,0.25696594427244585,0.25696594427244585,2009-11-15 07:23:00,0.0,0.0,0.0,,,,C,"Respuesta persistente: racha maxima >= 2 ventanas, sin tendencia creciente clara."
ramp_lineal__1440_0.50_32,continuous_timeline__01732,ramp_lineal,2009-08-27 08:09:00,2009-08-28 08:08:00,1440,32,0.5,0.03472222222222765,50.0,0.7498263888888889,0.7295957072056223,12.790166666666666,9.331650694444443,3.458515972222223,27.040429279437767,6.395083333333333,3.458515972222223,0.14410483217592593,1.838,0.03993908,0.03243753,0.009445434,False,30,,2009-08-27 08:09:00,2009-08-28 08:08:00,1440,,,,0.041819351287775225,0.0018802732,0.044961795,3.4585159722222225,3.4585159722222225,0.0,100.0,0.0,0.04989786,0.03243753,0.019700756,True,30,2009-08-27 16:23:00,2009-08-27 08:09:00,2009-08-28 08:08:00,1440,494.0,True,False,0.041819351287775225,-0.008078508,-0.1931763,6.395083333333333,1.5301666666666667,4.864916666666666,23.927235767060637,76.07276423293935,0.03559718,0.03243753,0.0054000746,False,30,,2009-08-27 08:09:00,2009-08-28 08:08:00,1440,,,,0.041819351287775225,0.0062221736,0.14878695,3.4585159722222234,3.4585159722222234,0.0,100.0,0.0,30,73.33333333333333,26.666666666666668,0.0021494997199624777,0.000390038825571537,0.06645425409078598,0.00944543443620205,12,24,24,14,9,0.0004260898817401038,0.00022948612153397526,0.7873192436040044,0.7873192436040044,2009-08-28 07:23:00,0.7931034482758621,0.0,60.0,600.0,960.0,,D,"Tendencia creciente: >=3 ventanas evaluables, pendiente y correlacion positivas, y el score maximo cae en la 2a mitad del episodio."
ramp_lineal__0360_0.30_41,continuous_timeline__00941,ramp_lineal,2009-05-12 02:19:00,2009-05-12 08:18:00,360,41,0.3,0.19444444444444153,70.0,0.6490277777777778,0.522539876981085,7.2177999999999995,3.7715883240740746,3.446211675925925,47.746012301891504,5.05246,3.446211675925925,0.5743686126543209,2.7614222222222216,0.016303571,0.015756218,0.0017763954,False,12,,2009-05-12 02:19:00,2009-05-12 08:18:00,360,,,,0.041819351287775225,0.025515782,0.6101429,3.4462116759259254,3.4462116759259254,0.0,100.0,0.0,0.026330087,0.015756218,0.012568138,False,12,,2009-05-12 02:19:00,2009-05-12 08:18:00,360,,,,0.041819351287775225,0.015489265,0.3703851,5.05246,5.05246,0.0,100.0,0.0,0.017315837,0.015756218,0.002345033,False,12,,2009-05-12 02:19:00,2009-05-12 08:18:00,360,,,,0.041819351287775225,0.024503516,0.58593726,3.446211675925925,3.446211675925925,0.0,100.0,0.0,12,100.0,0.0,0.0008556562825106084,0.0008000312373042107,0.010267875157296658,0.0017763953655958176,12,0,0,0,0,-0.000725235760706913,0.00011447468329663877,-0.5524475524475525,-0.5524475524475525,2009-05-12 06:23:00,0.36363636363636365,,,,,,C,"Respuesta persistente: racha maxima >= 2 ventanas, sin tendencia creciente clara."
ramp_lineal__0360_0.30_40,continuous_timeline__00940,ramp_lineal,2009-08-24 17:19:00,2009-08-24 23:18:00,360,40,0.3,0.19444444444444153,70.0,0.6490277777777778,0.6647128374707729,10.2264,6.797619361111112,3.428780638888888,33.52871625292271,7.15848,3.4287806388888873,0.5714634398148147,2.5029666666666666,0.037578594,0.03444549,0.0044781044,False,12,,2009-08-24 17:19:00,2009-08-24 23:18:00,360,,,,0.041819351287775225,0.0042407587,0.10140661,3.4287806388888886,3.4287806388888886,0.0,100.0,0.0,0.041162014,0.03444549,0.012643229,False,12,,2009-08-24 17:19:00,2009-08-24 23:18:00,360,,,,0.041819351287775225,0.00065733865,0.015718527,7.15848,7.15848,0.0,100.0,0.0,0.03411406,0.03444549,0.0020972472,False,12,,2009-08-24 17:19:00,2009-08-24 23:18:00,360,,,,0.041819351287775225,0.0077052936,0.18425186,3.4287806388888877,3.4287806388888877,0.0,100.0,0.0,12,91.66666666666666,8.333333333333332,0.001602176227606833,0.0011670645326375961,0.019232921302318573,0.004478104412555695,9,12,12,6,6,0.0008321743575738864,0.00027711540981606165,0.7692307692307694,0.7692307692307694,2009-08-25 01:23:00,0.7272727272727273,0.0,0.0,0.0,360.0,,D,"Tendencia creciente: >=3 ventanas evaluables, pendiente y correlacion positivas, y el score maximo cae en la 2a mitad del episodio."
ramp_lineal__1440_0.70_21,continuous_timeline__02421,ramp_lineal,2009-09-17 14:31:00,2009-09-18 14:30:00,1440,21,0.7,0.02083333333333659,30.000000000000004,0.8498958333333333,0.826676135591637,19.62633333333333,16.22462139583333,3.4017119375,17.33238644083629,5.8879,3.4017119375,0.14173799739583334,1.078653333333333,0.035777412,0.03499965,0.002660809,False,30,,2009-09-17 14:31:00,2009-09-18 14:30:00,1440,,,,0.041819351287775225,0.0060419403,0.14447713,3.4017119375000004,3.4017119375000004,0.0,100.0,0.0,0.035780545,0.03499965,0.0053946152,False,30,,2009-09-17 14:31:00,2009-09-18 14:30:00,1440,,,,0.041819351287775225,0.0060388073,0.14440222,5.887900000000001,5.887900000000001,0.0,100.0,0.0,0.03553338,0.03499965,0.0026792102,False,30,,2009-09-17 14:31:00,2009-09-18 14:30:00,1440,,,,0.041819351287775225,0.006285973,0.15031253,3.401711937500002,3.401711937500002,0.0,100.0,0.0,30,83.33333333333334,16.666666666666664,0.0005449246382340789,0.0004840875044465065,0.01768825575709343,0.0026608090847730637,11,5,5,3,3,0.0002347750887606245,3.8101700433966056e-05,0.28231368186874306,0.28231368186874306,2009-09-18 20:23:00,1.0,240.0,300.0,300.0,1620.0,,D,"Tendencia creciente: >=3 ventanas evaluables, pendiente y correlacion positivas, y el score maximo cae en la 2a mitad del episodio."
ramp_lineal__0240_0.30_05,continuous_timeline__00855,ramp_lineal,2009-10-21 14:50:00,2009-10-21 18:49:00,240,5,0.3,0.29166666666666785,70.0,0.6485416666666668,0.575997277871503,7.903333333333332,4.552298486111112,3.3510348472222207,42.40027221284969,5.532333333333332,3.3510348472222207,0.8377587118055555,2.5334166666666667,0.043810043,0.043979313,0.0012551565,False,10,,2009-10-21 14:50:00,2009-10-21 18:49:00,240,,,,0.041819351287775225,-0.0019906908,-0.047602143,3.351034847222222,3.351034847222222,0.0,100.0,0.0,0.049723636,0.043979313,0.0067330934,True,10,2009-10-21 15:23:00,2009-10-21 14:50:00,2009-10-21 18:49:00,240,33.0,True,False,0.041819351287775225,-0.007904284,-0.18901019,5.532333333333333,0.5064266666666666,5.025906666666666,9.153943483762125,90.84605651623787,0.04516732,0.043979313,0.0019951053,True,10,2009-10-21 15:23:00,2009-10-21 14:50:00,2009-10-21 18:49:00,240,33.0,True,False,0.041819351287775225,-0.0033479668,-0.08005784,3.3510348472222216,0.3067518360358967,3.044283011186325,9.153943483762125,90.84605651623787,10,80.0,20.0,0.0005999991553835571,0.0006881095468997955,0.006178444251418114,0.001255156472325325,7,6,6,6,5,-0.0033017541761651173,0.0001159942624243823,-0.9030303030303028,-0.9030303030303028,2009-10-21 17:23:00,0.2222222222222222,0.0,0.0,0.0,0.0,120.0,C,"Respuesta persistente: racha maxima >= 2 ventanas, sin tendencia creciente clara."
ramp_lineal__0720_0.30_14,continuous_timeline__00964,ramp_lineal,2009-11-26 16:30:00,2009-11-27 04:29:00,720,14,0.3,0.09722222222222632,70.0,0.649513888888889,0.721495580941293,12.005866666666666,8.66217974537037,3.343686921296296,27.85044190587071,8.404106666666667,3.343686921296296,0.27864057677469134,1.3930933333333333,0.03901412,0.021141658,0.019617826,False,18,,2009-11-26 16:30:00,2009-11-27 04:29:00,720,,,,0.041819351287775225,0.002805233,0.06707978,3.343686921296296,3.343686921296296,0.0,100.0,0.0,0.06306548,0.021141658,0.043243855,True,18,2009-11-27 03:23:00,2009-11-26 16:30:00,2009-11-27 04:29:00,720,653.0,True,False,0.041819351287775225,-0.021246124,-0.50804526,8.404106666666667,8.093656666666666,0.3104500000000012,96.30597263560036,3.6940273643996413,0.021413453,0.021141658,0.0021628775,False,18,,2009-11-26 16:30:00,2009-11-27 04:29:00,720,,,,0.041819351287775225,0.0204059,0.4879535,3.343686921296295,3.343686921296295,0.0,99.99999999999999,0.0,18,88.88888888888889,11.11111111111111,0.0058595966547727585,0.0010521579533815384,0.10562862455844879,0.019617825746536255,13,6,6,6,4,0.0013860622978355002,0.0009551760111046403,0.8369453044375645,0.8369453044375645,2009-11-27 07:23:00,0.8235294117647058,660.0,660.0,660.0,660.0,,D,"Tendencia creciente: >=3 ventanas evaluables, pendiente y correlacion positivas, y el score maximo cae en la 2a mitad del episodio."
ramp_lineal__0720_0.50_41,continuous_timeline__01691,ramp_lineal,2009-11-05 00:07:00,2009-11-05 12:06:00,720,41,0.5,0.0694444444444442,50.0,0.7496527777777777,0.6896260722251037,10.7327,7.401549745370371,3.3311502546296285,31.037392777489625,5.36635,3.3311502546296285,0.2775958545524691,1.0187194444444447,0.02809428,0.028084904,0.0047495402,False,18,,2009-11-05 00:07:00,2009-11-05 12:06:00,720,,,,0.041819351287775225,0.013725072,0.32819906,3.331150254629629,3.331150254629629,0.0,100.0,0.0,0.029592026,0.028084904,0.007050343,False,18,,2009-11-05 00:07:00,2009-11-05 12:06:00,720,,,,0.041819351287775225,0.012227327,0.29238442,5.36635,5.36635,0.0,100.0,0.0,0.028495502,0.028084904,0.002284282,False,18,,2009-11-05 00:07:00,2009-11-05 12:06:00,720,,,,0.041819351287775225,0.013323851,0.31860492,3.3311502546296285,3.3311502546296285,0.0,100.0,0.0,18,88.88888888888889,11.11111111111111,0.001614917884580791,0.0013652103953063488,0.029564473778009415,0.004749540239572525,10,4,3,0,0,-0.0005394455470275453,0.0002698188107479959,-0.7213622291021672,-0.7213622291021672,2009-11-05 00:23:00,0.0,0.0,0.0,,,,C,"Respuesta persistente: racha maxima >= 2 ventanas, sin tendencia creciente clara."
ramp_lineal__0360_0.30_10,continuous_timeline__00910,ramp_lineal,2009-09-22 16:12:00,2009-09-22 22:11:00,360,10,0.3,0.19444444444444153,70.0,0.6490277777777778,0.5718503761394983,7.7552,4.434814037037038,3.3203859629629626,42.81496238605016,5.428640000000001,3.3203859629629626,0.5533976604938271,2.7577044444444443,0.025203075,0.02459292,0.0030734856,False,12,,2009-09-22 16:12:00,2009-09-22 22:11:00,360,,,,0.041819351287775225,0.016616277,0.39733464,3.320385962962962,3.320385962962962,0.0,99.99999999999999,0.0,0.031922527,0.02459292,0.0103652105,False,12,,2009-09-22 16:12:00,2009-09-22 22:11:00,360,,,,0.041819351287775225,0.009896826,0.2366566,5.42864,5.42864,0.0,99.99999999999999,0.0,0.026007922,0.02459292,0.0026785098,False,12,,2009-09-22 16:12:00,2009-09-22 22:11:00,360,,,,0.041819351287775225,0.01581143,0.37808883,3.320385962962963,3.320385962962963,0.0,100.0,0.0,12,100.0,0.0,0.0012965835630893707,0.001245039515197277,0.015559002757072449,0.003073485568165779,12,1,0,0,0,4.1929041068037674e-05,0.00012292404222738492,0.1328671328671329,0.1328671328671329,2009-09-22 20:23:00,0.36363636363636365,0.0,,,,,C,"Respuesta persistente: racha maxima >= 2 ventanas, sin tendencia creciente clara."
ramp_lineal__1440_0.70_05,continuous_timeline__02405,ramp_lineal,2009-10-13 07:35:00,2009-10-14 07:34:00,1440,5,0.7,0.02083333333333659,30.000000000000004,0.8498958333333333,0.8710606280182236,25.617533333333334,22.31442467361111,3.3031086597222235,12.893937198177643,7.6852599999999995,3.3031086597222235,0.13762952748842594,1.532269166666667,0.02451803,0.024522008,0.0019463468,False,30,,2009-10-13 07:35:00,2009-10-14 07:34:00,1440,,,,0.041819351287775225,0.017301323,0.4137157,3.3031086597222226,3.3031086597222226,0.0,100.0,0.0,0.024545593,0.024522008,0.002640184,False,30,,2009-10-13 07:35:00,2009-10-14 07:34:00,1440,,,,0.041819351287775225,0.01727376,0.41305658,7.685260000000001,7.685260000000001,0.0,100.0,0.0,0.024547402,0.024522008,0.0020543896,False,30,,2009-10-13 07:35:00,2009-10-14 07:34:00,1440,,,,0.041819351287775225,0.01727195,0.41301334,3.303108659722223,3.303108659722223,0.0,100.0,0.0,30,83.33333333333334,16.666666666666664,0.0005063634016551077,0.0003157947212457657,0.017004109919071198,0.0019463468343019485,19,1,0,0,0,-5.103706551076005e-06,-7.963189036814342e-06,0.014460511679644046,0.014460511679644046,2009-10-13 08:23:00,0.0,0.0,,,,,C,"Respuesta persistente: racha maxima >= 2 ventanas, sin tendencia creciente clara."
ramp_lineal__0720_0.50_47,continuous_timeline__01697,ramp_lineal,2009-02-08 04:07:00,2009-02-08 16:06:00,720,47,0.5,0.0694444444444442,50.0,0.7496527777777777,0.7023159899334414,10.965533333333333,7.701269398148148,3.264263935185185,29.76840100665587,5.482766666666667,3.264263935185185,0.2720219945987654,2.0618888888888884,0.024306918,0.022373876,0.0021786857,False,18,,2009-02-08 04:07:00,2009-02-08 16:06:00,720,,,,0.041819351287775225,0.017512435,0.4187639,3.264263935185185,3.264263935185185,0.0,100.00000000000001,0.0,0.027780797,0.022373876,0.0062020216,False,18,,2009-02-08 04:07:00,2009-02-08 16:06:00,720,,,,0.041819351287775225,0.014038555,0.33569518,5.482766666666667,5.482766666666667,0.0,100.0,0.0,0.023424124,0.022373876,0.0015453771,False,18,,2009-02-08 04:07:00,2009-02-08 16:06:00,720,,,,0.041819351287775225,0.018395228,0.43987358,3.264263935185184,3.264263935185184,0.0,100.0,0.0,18,94.44444444444444,5.555555555555555,0.0009238633792847395,0.000826600007712841,0.01663777604699135,0.002178685739636421,17,1,0,0,0,0.0004258815581661381,7.932712549826184e-05,0.4406604747162023,0.4406604747162023,2009-02-08 15:23:00,0.6470588235294118,660.0,,,,,D,"Tendencia creciente: >=3 ventanas evaluables, pendiente y correlacion positivas, y el score maximo cae en la 2a mitad del episodio."
ramp_lineal__1440_0.70_29,continuous_timeline__02429,ramp_lineal,2009-03-24 06:12:00,2009-03-25 06:11:00,1440,29,0.7,0.02083333333333659,30.000000000000004,0.8498958333333333,0.8796009814495255,27.043333333333333,23.787342541666664,3.255990791666669,12.039901855047464,8.113,3.255990791666669,0.1356662829861111,0.9649200000000002,0.02555602,0.024742905,0.0015013572,False,30,,2009-03-24 06:12:00,2009-03-25 06:11:00,1440,,,,0.041819351287775225,0.016263332,0.3888949,3.255990791666667,3.255990791666667,0.0,100.0,0.0,0.024932506,0.024742905,0.0016416162,False,30,,2009-03-24 06:12:00,2009-03-25 06:11:00,1440,,,,0.041819351287775225,0.016886847,0.4038046,8.113000000000001,8.113000000000001,0.0,100.0,0.0,0.025476463,0.024742905,0.0017696191,False,30,,2009-03-24 06:12:00,2009-03-25 06:11:00,1440,,,,0.041819351287775225,0.01634289,0.3907973,3.255990791666666,3.255990791666666,0.0,100.0,0.0,30,70.0,30.0,-5.747203977080062e-05,9.660795331001282e-05,0.00939865130931139,0.0015013571828603745,19,1,1,0,0,-8.369908275474775e-06,-4.20990502575746e-05,-0.01846496106785317,-0.01846496106785317,2009-03-24 20:23:00,0.4827586206896552,840.0,840.0,,,,C,"Respuesta persistente: racha maxima >= 2 ventanas, sin tendencia creciente clara."
ramp_lineal__1440_0.50_01,continuous_timeline__01701,ramp_lineal,2009-02-18 16:16:00,2009-02-19 16:15:00,1440,1,0.5,0.03472222222222765,50.0,0.7498263888888889,0.7264653442751147,11.887833333333333,8.636098935185183,3.25173439814815,27.35346557248854,5.9439166666666665,3.25173439814815,0.13548893325617284,1.272629861111111,0.022259302,0.02009407,0.0028841142,False,30,,2009-02-18 16:16:00,2009-02-19 16:15:00,1440,,,,0.041819351287775225,0.01956005,0.46772724,3.2517343981481486,3.2517343981481486,0.0,100.0,0.0,0.026543485,0.02009407,0.008355901,False,30,,2009-02-18 16:16:00,2009-02-19 16:15:00,1440,,,,0.041819351287775225,0.015275868,0.36528227,5.9439166666666665,5.9439166666666665,0.0,100.0,0.0,0.022122595,0.02009407,0.0027127117,False,30,,2009-02-18 16:16:00,2009-02-19 16:15:00,1440,,,,0.041819351287775225,0.019696757,0.47099623,3.2517343981481495,3.2517343981481495,0.0,100.0,0.0,30,43.333333333333336,56.666666666666664,-0.0003082802868448198,-0.0003325873985886574,0.016180727630853653,0.002884114161133766,6,0,0,0,0,0.0002378990726588961,8.474739912785468e-05,0.5577308120133482,0.5577308120133482,2009-02-19 17:23:00,0.8620689655172413,,,,,,D,"Tendencia creciente: >=3 ventanas evaluables, pendiente y correlacion positivas, y el score maximo cae en la 2a mitad del episodio."
ramp_lineal__0360_0.50_00,continuous_timeline__01600,ramp_lineal,2009-04-04 16:44:00,2009-04-04 22:43:00,360,0,0.5,0.1388888888888884,50.0,0.7493055555555556,0.7455297513801558,12.744133333333332,9.501130555555555,3.243002777777777,25.44702486198442,6.372066666666666,3.243002777777777,0.5405004629629631,1.5870000000000002,0.01790272,0.01788157,0.000897645,False,12,,2009-04-04 16:44:00,2009-04-04 22:43:00,360,,,,0.041819351287775225,0.023916632,0.57190347,3.243002777777778,3.243002777777778,0.0,100.0,0.0,0.018947236,0.01788157,0.0021735048,False,12,,2009-04-04 16:44:00,2009-04-04 22:43:00,360,,,,0.041819351287775225,0.022872116,0.5469266,6.372066666666666,6.372066666666666,0.0,100.0,0.0,0.01829315,0.01788157,0.0009936271,False,12,,2009-04-04 16:44:00,2009-04-04 22:43:00,360,,,,0.041819351287775225,0.023526203,0.56256735,3.243002777777778,3.243002777777778,0.0,100.0,0.0,12,91.66666666666666,8.333333333333332,0.0003669522702693939,0.00034091435372829437,0.004418054595589638,0.0008976450189948082,11,0,0,0,0,-0.0005536270881449421,4.5223871467413604e-05,-0.7972027972027973,-0.7972027972027973,2009-04-04 18:23:00,0.09090909090909091,,,,,,C,"Respuesta persistente: racha maxima >= 2 ventanas, sin tendencia creciente clara."
ramp_lineal__0720_0.30_10,continuous_timeline__00960,ramp_lineal,2009-02-09 15:43:00,2009-02-10 03:42:00,720,10,0.3,0.09722222222222632,70.0,0.649513888888889,0.7118546280460608,11.226400000000002,7.991564796296298,3.234835203703704,28.814537195393925,7.858480000000002,3.234835203703704,0.26956960030864197,1.086512777777778,0.03378965,0.015898867,0.017890783,False,18,,2009-02-09 15:43:00,2009-02-10 03:42:00,720,,,,0.041819351287775225,0.008029703,0.19200926,3.2348352037037036,3.2348352037037036,0.0,100.0,0.0,0.06097765,0.015898867,0.04600533,True,18,2009-02-10 02:23:00,2009-02-09 15:43:00,2009-02-10 03:42:00,720,640.0,True,False,0.041819351287775225,-0.019158296,-0.45812035,7.85848,7.595699999999999,0.2627800000000011,96.6560963443312,3.343903655668795,0.019224372,0.015898867,0.0033255052,False,18,,2009-02-09 15:43:00,2009-02-10 03:42:00,720,,,,0.041819351287775225,0.02259498,0.54029965,3.2348352037037027,3.2348352037037027,0.0,100.0,0.0,18,94.44444444444444,5.555555555555555,0.006361833307892084,0.0036009429022669792,0.11452141404151917,0.01789078302681446,17,5,5,5,1,0.0013390803273278984,0.0009183071676730123,0.8864809081527348,0.8864809081527348,2009-02-10 04:23:00,0.7058823529411765,660.0,660.0,660.0,720.0,,D,"Tendencia creciente: >=3 ventanas evaluables, pendiente y correlacion positivas, y el score maximo cae en la 2a mitad del episodio."
ramp_lineal__0720_0.50_02,continuous_timeline__01652,ramp_lineal,2009-01-03 15:31:00,2009-01-04 03:30:00,720,2,0.5,0.0694444444444442,50.0,0.7496527777777777,0.7832912036456887,14.896133333333333,11.668010208333332,3.2281231250000015,21.670879635431127,7.448066666666667,3.2281231250000015,0.26901026041666665,1.0544444444444445,0.025609186,0.02561194,0.0018359851,False,18,,2009-01-03 15:31:00,2009-01-04 03:30:00,720,,,,0.041819351287775225,0.016210167,0.38762358,3.228123125,3.228123125,0.0,100.0,0.0,0.026901426,0.02561194,0.0036370475,False,18,,2009-01-03 15:31:00,2009-01-04 03:30:00,720,,,,0.041819351287775225,0.014917927,0.35672304,7.448066666666667,7.448066666666667,0.0,100.0,0.0,0.026853247,0.02561194,0.002575377,False,18,,2009-01-03 15:31:00,2009-01-04 03:30:00,720,,,,0.041819351287775225,0.014966106,0.35787514,3.2281231250000015,3.2281231250000015,0.0,100.0,0.0,18,77.77777777777779,22.22222222222222,0.0006778545212000608,0.0008051954209804535,0.013118742033839226,0.0018359851092100143,8,2,1,0,0,-0.0007558689569002945,1.962153554362532e-05,-0.8307533539731682,-0.8307533539731682,2009-01-03 16:23:00,0.0,0.0,0.0,,,,C,"Respuesta persistente: racha maxima >= 2 ventanas, sin tendencia creciente clara."
ramp_lineal__0720_0.50_06,continuous_timeline__01656,ramp_lineal,2009-10-20 14:23:00,2009-10-21 02:22:00,720,6,0.5,0.0694444444444442,50.0,0.7496527777777777,0.7630362458822579,13.577200000000001,10.359895717592593,3.217304282407408,23.69637541177421,6.788600000000001,3.21730428240741,0.2681086902006173,1.0959666666666665,0.025014814,0.022918176,0.002096638,False,18,,2009-10-20 14:23:00,2009-10-21 02:22:00,720,,,,0.041819351287775225,0.016804539,0.40183643,3.217304282407407,3.217304282407407,0.0,100.0,0.0,0.027320936,0.022918176,0.005464753,False,18,,2009-10-20 14:23:00,2009-10-21 02:22:00,720,,,,0.041819351287775225,0.014498416,0.34669155,6.788600000000001,6.788600000000001,0.0,99.99999999999999,0.0,0.024314467,0.022918176,0.0024820566,False,18,,2009-10-20 14:23:00,2009-10-21 02:22:00,720,,,,0.041819351287775225,0.017504886,0.41858336,3.2173042824074076,3.2173042824074076,0.0,100.0,0.0,18,88.88888888888889,11.11111111111111,0.0007802421459928155,0.0006244289688766003,0.014194645918905735,0.0020966380834579468,14,1,0,0,0,0.0007287222494143452,8.14168393934843e-05,0.7750257997936018,0.7750257997936018,2009-10-21 04:23:00,0.8235294117647058,840.0,,,,,D,"Tendencia creciente: >=3 ventanas evaluables, pendiente y correlacion positivas, y el score maximo cae en la 2a mitad del episodio."
ramp_lineal__1440_0.70_25,continuous_timeline__02425,ramp_lineal,2009-07-08 00:15:00,2009-07-09 00:14:00,1440,25,0.7,0.02083333333333659,30.000000000000004,0.8498958333333333,0.8434922538078147,20.55203333333333,17.335480916666665,3.2165524166666657,15.650774619218534,6.165609999999997,3.216552416666662,0.13402301736111114,0.7806750000000005,0.029203221,0.029197423,0.0017421637,False,30,,2009-07-08 00:15:00,2009-07-09 00:14:00,1440,,,,0.041819351287775225,0.012616131,0.30168167,3.216552416666667,3.216552416666667,0.0,100.0,0.0,0.029790811,0.029197423,0.0024201823,False,30,,2009-07-08 00:15:00,2009-07-09 00:14:00,1440,,,,0.041819351287775225,0.012028541,0.28763098,6.165610000000001,6.165610000000001,0.0,100.00000000000001,0.0,0.029244525,0.029197423,0.0010231426,False,30,,2009-07-08 00:15:00,2009-07-09 00:14:00,1440,,,,0.041819351287775225,0.012574827,0.30069396,3.2165524166666657,3.2165524166666657,0.0,100.00000000000001,0.0,30,30.0,70.0,-0.0003076512657571584,-0.00018355157226324081,0.0032260455191135406,0.001742163673043251,4,3,3,2,0,-9.054798794469053e-05,-1.6101999405162354e-05,-0.14883203559510566,-0.14883203559510566,2009-07-08 01:23:00,0.034482758620689655,0.0,0.0,0.0,,,C,"Respuesta persistente: racha maxima >= 2 ventanas, sin tendencia creciente clara."
ramp_lineal__0240_0.30_40,continuous_timeline__00890,ramp_lineal,2009-01-21 04:49:00,2009-01-21 08:48:00,240,40,0.3,0.29166666666666785,70.0,0.6485416666666668,0.5435420761607422,7.0039,3.8069143472222224,3.1969856527777774,45.64579238392577,4.90273,3.1969856527777774,0.7992464131944444,2.4645366666666666,0.016588192,0.016170265,0.0011775112,False,10,,2009-01-21 04:49:00,2009-01-21 08:48:00,240,,,,0.041819351287775225,0.02523116,0.60333693,3.196985652777778,3.196985652777778,0.0,100.0,0.0,0.037563816,0.016170265,0.02227468,False,10,,2009-01-21 04:49:00,2009-01-21 08:48:00,240,,,,0.041819351287775225,0.004255537,0.10175999,4.902730000000001,4.902730000000001,0.0,100.0,0.0,0.01944724,0.016170265,0.0036244197,False,10,,2009-01-21 04:49:00,2009-01-21 08:48:00,240,,,,0.041819351287775225,0.022372114,0.53497034,3.196985652777777,3.196985652777777,0.0,100.0,0.0,10,80.0,20.0,0.000540185603313148,0.000527895987033844,0.005772872362285852,0.001177511177957058,7,0,0,0,0,-0.00114246816233252,0.00013418420302596957,-0.8909090909090909,-0.8909090909090909,2009-01-21 08:23:00,0.3333333333333333,,,,,,C,"Respuesta persistente: racha maxima >= 2 ventanas, sin tendencia creciente clara."
ramp_lineal__1440_0.70_46,continuous_timeline__02446,ramp_lineal,2009-09-23 07:04:00,2009-09-24 07:03:00,1440,46,0.7,0.02083333333333659,30.000000000000004,0.8498958333333333,0.8811763904825987,26.899733333333334,23.703409923611108,3.1963234097222255,11.882360951740136,8.069920000000003,3.1963234097222255,0.13318014207175927,1.0416412499999996,0.03901485,0.03334798,0.0056668706,False,30,,2009-09-23 07:04:00,2009-09-24 07:03:00,1440,,,,0.041819351287775225,0.0028045028,0.06706232,3.196323409722223,3.196323409722223,0.0,100.0,0.0,0.040492214,0.03334798,0.007144235,False,30,,2009-09-23 07:04:00,2009-09-24 07:03:00,1440,,,,0.041819351287775225,0.0013271384,0.03173503,8.069920000000002,8.069920000000002,0.0,100.0,0.0,0.03460646,0.03334798,0.0012839772,False,30,,2009-09-23 07:04:00,2009-09-24 07:03:00,1440,,,,0.041819351287775225,0.007212892,0.17247738,3.196323409722225,3.196323409722225,0.0,100.0,0.0,30,93.33333333333333,6.666666666666667,0.0011450342135503888,0.0005662934854626656,0.03478003665804863,0.005666870623826981,17,9,7,5,3,0.000283593290150828,0.00011633617846964465,0.3931034482758621,0.3931034482758621,2009-09-24 07:23:00,0.8275862068965517,0.0,0.0,0.0,1320.0,,D,"Tendencia creciente: >=3 ventanas evaluables, pendiente y correlacion positivas, y el score maximo cae en la 2a mitad del episodio."
ramp_lineal__0240_0.30_16,continuous_timeline__00866,ramp_lineal,2009-10-10 19:34:00,2009-10-10 23:33:00,240,16,0.3,0.29166666666666785,70.0,0.6485416666666668,0.686778690313536,9.978299999999999,6.852883805555556,3.125416194444443,31.3221309686464,6.9848099999999995,3.125416194444443,0.7813540486111111,2.6604491666666665,0.02225417,0.020335425,0.004089972,False,10,,2009-10-10 19:34:00,2009-10-10 23:33:00,240,,,,0.041819351287775225,0.019565182,0.46784994,3.1254161944444445,3.1254161944444445,0.0,100.0,0.0,0.022325516,0.020335425,0.007776116,False,10,,2009-10-10 19:34:00,2009-10-10 23:33:00,240,,,,0.041819351287775225,0.019493837,0.4661439,6.98481,6.98481,0.0,100.0,0.0,0.020333683,0.020335425,0.0010030791,False,10,,2009-10-10 19:34:00,2009-10-10 23:33:00,240,,,,0.041819351287775225,0.02148567,0.5137734,3.1254161944444436,3.1254161944444436,0.0,99.99999999999999,0.0,10,80.0,20.0,0.001872915425337851,0.0025509498082101345,0.018779614940285683,0.0040899720042943954,8,0,0,0,0,0.0003999702463095836,0.0004634014979907959,0.34545454545454546,0.34545454545454546,2009-10-11 05:23:00,1.0,,,,,,D,"Tendencia creciente: >=3 ventanas evaluables, pendiente y correlacion positivas, y el score maximo cae en la 2a mitad del episodio."
ramp_lineal__0240_0.30_47,continuous_timeline__00897,ramp_lineal,2009-01-04 14:36:00,2009-01-04 18:35:00,240,47,0.3,0.29166666666666785,70.0,0.6485416666666668,0.636680082774302,8.561433333333332,5.450894083333334,3.1105392499999978,36.331991722569796,5.993003333333332,3.110539249999996,0.7776348125,2.3293199999999996,0.027024582,0.02714346,0.0013211519,False,10,,2009-01-04 14:36:00,2009-01-04 18:35:00,240,,,,0.041819351287775225,0.014794771,0.3537781,3.11053925,3.11053925,0.0,100.0,0.0,0.03063491,0.02714346,0.007188458,False,10,,2009-01-04 14:36:00,2009-01-04 18:35:00,240,,,,0.041819351287775225,0.011184443,0.26744658,5.993003333333333,5.993003333333333,0.0,100.0,0.0,0.027673878,0.02714346,0.0016452521,False,10,,2009-01-04 14:36:00,2009-01-04 18:35:00,240,,,,0.041819351287775225,0.014145475,0.3382519,3.110539249999998,3.110539249999998,0.0,100.0,0.0,10,80.0,20.0,0.0007695325766690075,0.0009543094784021378,0.007918265648186207,0.001321151852607727,8,3,2,0,0,-0.0015432653327782954,0.00013352302326397462,-0.9151515151515152,-0.9151515151515152,2009-01-04 16:23:00,0.1111111111111111,0.0,0.0,,,,C,"Respuesta persistente: racha maxima >= 2 ventanas, sin tendencia creciente clara."
ramp_lineal__0360_0.30_02,continuous_timeline__00902,ramp_lineal,2009-03-05 15:43:00,2009-03-05 21:42:00,360,2,0.3,0.19444444444444153,70.0,0.6490277777777778,0.5646923081117036,7.132766666666667,4.027818472222223,3.104948194444444,43.53076918882963,4.992936666666667,3.104948194444445,0.5174913657407406,1.8804838888888888,0.019710671,0.018044759,0.002484301,False,12,,2009-03-05 15:43:00,2009-03-05 21:42:00,360,,,,0.041819351287775225,0.022108681,0.5286711,3.104948194444444,3.104948194444444,0.0,100.0,0.0,0.025974693,0.018044759,0.008302769,False,12,,2009-03-05 15:43:00,2009-03-05 21:42:00,360,,,,0.041819351287775225,0.01584466,0.37888342,4.992936666666666,4.992936666666666,0.0,100.0,0.0,0.02083872,0.018044759,0.0032225363,False,12,,2009-03-05 15:43:00,2009-03-05 21:42:00,360,,,,0.041819351287775225,0.020980632,0.5016967,3.104948194444445,3.104948194444445,0.0,100.0,0.0,12,100.0,0.0,0.0009789750911295414,0.0009484551846981049,0.011747701093554497,0.0024843011051416397,12,0,0,0,0,0.0005974141144929655,9.398153898390859e-05,0.41958041958041964,0.41958041958041964,2009-03-05 21:23:00,0.45454545454545453,,,,,,C,"Respuesta persistente: racha maxima >= 2 ventanas, sin tendencia creciente clara."
ramp_lineal__1440_0.70_34,continuous_timeline__02434,ramp_lineal,2009-05-28 16:37:00,2009-05-29 16:36:00,1440,34,0.7,0.02083333333333659,30.000000000000004,0.8498958333333333,0.8545073881554198,21.059233333333335,17.995270472222224,3.0639628611111114,14.549261184458018,6.317770000000001,3.0639628611111114,0.12766511921296297,0.8536441666666668,0.0282603,0.027575877,0.0021324316,False,30,,2009-05-28 16:37:00,2009-05-29 16:36:00,1440,,,,0.041819351287775225,0.013559053,0.32422915,3.063962861111112,3.063962861111112,0.0,100.0,0.0,0.028270345,0.027575877,0.0025413036,False,30,,2009-05-28 16:37:00,2009-05-29 16:36:00,1440,,,,0.041819351287775225,0.0135490075,0.32398894,6.317769999999999,6.317769999999999,0.0,100.0,0.0,0.028256316,0.027575877,0.0018693814,False,30,,2009-05-28 16:37:00,2009-05-29 16:36:00,1440,,,,0.041819351287775225,0.013563037,0.3243244,3.0639628611111105,3.0639628611111105,0.0,100.0,0.0,30,86.66666666666667,13.333333333333334,0.0006148369866423309,0.0005533201619982719,0.02003646455705166,0.0021324316039681435,22,4,2,0,0,-0.00010534638561747666,2.4069403116907228e-06,-0.1114571746384872,-0.1114571746384872,2009-05-29 18:23:00,0.8620689655172413,240.0,240.0,,,,C,"Respuesta persistente: racha maxima >= 2 ventanas, sin tendencia creciente clara."
ramp_lineal__0360_0.30_33,continuous_timeline__00933,ramp_lineal,2009-08-09 12:47:00,2009-08-09 18:46:00,360,33,0.3,0.19444444444444153,70.0,0.6490277777777778,0.47023019829176477,5.764233333333333,2.7105165833333333,3.05371675,52.97698017082352,4.034963333333334,3.0537167500000004,0.5089527916666666,3.706305555555555,0.041623645,0.0346047,0.007018946,False,12,,2009-08-09 12:47:00,2009-08-09 18:46:00,360,,,,0.041819351287775225,0.00019570813,0.004679846,3.05371675,3.05371675,0.0,100.0,0.0,0.09678486,0.0346047,0.06463911,True,12,2009-08-09 13:23:00,2009-08-09 12:47:00,2009-08-09 18:46:00,360,36.0,True,False,0.041819351287775225,-0.054965507,-1.3143557,4.034963333333334,0.12371333333333334,3.9112500000000003,3.066033644254512,96.9339663557455,0.054939557,0.0346047,0.022793803,True,12,2009-08-09 15:23:00,2009-08-09 12:47:00,2009-08-09 18:46:00,360,156.0,True,False,0.041819351287775225,-0.013120204,-0.31373522,3.05371675,0.3974862822216888,2.656230467778311,13.016475160038626,86.98352483996138,12,91.66666666666666,8.333333333333332,0.0028392088133841753,0.0029647275805473328,0.03422926366329193,0.00701894611120224,10,12,10,9,8,0.0003720769671710217,0.0002065162936394866,0.3216783216783217,0.3216783216783217,2009-08-09 20:23:00,0.6363636363636364,0.0,0.0,120.0,120.0,,D,"Tendencia creciente: >=3 ventanas evaluables, pendiente y correlacion positivas, y el score maximo cae en la 2a mitad del episodio."
ramp_lineal__0720_0.50_28,continuous_timeline__01678,ramp_lineal,2009-11-17 14:33:00,2009-11-18 02:32:00,720,28,0.5,0.0694444444444442,50.0,0.7496527777777777,0.7736251432927718,13.479266666666668,10.427899606481482,3.0513670601851857,22.63748567072283,6.739633333333334,3.0513670601851874,0.25428058834876544,0.967916666666667,0.02348484,0.022136325,0.0027207192,False,18,,2009-11-17 14:33:00,2009-11-18 02:32:00,720,,,,0.041819351287775225,0.018334514,0.43842176,3.051367060185185,3.051367060185185,0.0,100.0,0.0,0.024022458,0.022136325,0.005653833,False,18,,2009-11-17 14:33:00,2009-11-18 02:32:00,720,,,,0.041819351287775225,0.017796895,0.425566,6.739633333333334,6.739633333333334,0.0,100.0,0.0,0.021527028,0.022136325,0.001271124,False,18,,2009-11-17 14:33:00,2009-11-18 02:32:00,720,,,,0.041819351287775225,0.020292325,0.48523766,3.0513670601851848,3.0513670601851848,0.0,99.99999999999999,0.0,18,77.77777777777779,22.22222222222222,0.000732763553969562,0.00013494398444890976,0.013747088611125946,0.002720719203352928,9,0,0,0,0,0.0010818543995781517,0.00013951979763998087,0.9484004127966976,0.9484004127966976,2009-11-18 07:23:00,0.9411764705882353,,,,,,D,"Tendencia creciente: >=3 ventanas evaluables, pendiente y correlacion positivas, y el score maximo cae en la 2a mitad del episodio."
ramp_lineal__1440_0.70_40,continuous_timeline__02440,ramp_lineal,2009-04-26 14:39:00,2009-04-27 14:38:00,1440,40,0.7,0.02083333333333659,30.000000000000004,0.8498958333333333,0.8729876431457427,23.963533333333334,20.919868486111113,3.043664847222221,12.701235685425718,7.189060000000005,3.0436648472222245,0.12681936863425924,1.2203041666666667,0.029719798,0.029731918,0.0015564635,False,30,,2009-04-26 14:39:00,2009-04-27 14:38:00,1440,,,,0.041819351287775225,0.012099555,0.28932908,3.0436648472222223,3.0436648472222223,0.0,100.00000000000001,0.0,0.031083278,0.029731918,0.002548432,False,30,,2009-04-26 14:39:00,2009-04-27 14:38:00,1440,,,,0.041819351287775225,0.010736074,0.256725,7.1890600000000004,7.1890600000000004,0.0,100.0,0.0,0.030155776,0.029731918,0.0006012898,False,30,,2009-04-26 14:39:00,2009-04-27 14:38:00,1440,,,,0.041819351287775225,0.011663577,0.2789038,3.0436648472222223,3.0436648472222223,0.0,100.00000000000001,0.0,30,53.333333333333336,46.666666666666664,0.0001516027987236157,4.966370761394501e-05,0.007194387726485729,0.0015564635396003723,10,3,3,1,0,-0.0002630373502400885,7.905378042657068e-06,-0.5163515016685205,-0.5163515016685205,2009-04-26 18:23:00,0.10344827586206896,120.0,120.0,180.0,,,C,"Respuesta persistente: racha maxima >= 2 ventanas, sin tendencia creciente clara."
ramp_lineal__0720_0.30_42,continuous_timeline__00992,ramp_lineal,2009-02-25 12:31:00,2009-02-26 00:30:00,720,42,0.3,0.09722222222222632,70.0,0.649513888888889,0.6073309649218409,7.7482,4.705721782407408,3.042478217592592,39.266903507815904,5.42374,3.042478217592592,0.2535398514660493,1.2855869444444443,0.032030743,0.017449634,0.015351355,False,18,,2009-02-25 12:31:00,2009-02-26 00:30:00,720,,,,0.041819351287775225,0.00978861,0.2340689,3.0424782175925915,3.0424782175925915,0.0,99.99999999999999,0.0,0.07988143,0.017449634,0.06493586,True,18,2009-02-25 16:23:00,2009-02-25 12:31:00,2009-02-26 00:30:00,720,232.0,True,False,0.041819351287775225,-0.038062077,-0.91015464,5.42374,1.1718933333333335,4.251846666666666,21.606738769434628,78.39326123056539,0.020742355,0.017449634,0.005448604,False,18,,2009-02-25 12:31:00,2009-02-26 00:30:00,720,,,,0.041819351287775225,0.021076998,0.5040011,3.0424782175925924,3.0424782175925924,0.0,100.0,0.0,18,100.0,0.0,0.005649663042277098,0.0022227726876735687,0.10169393569231033,0.015351355075836182,18,6,6,5,0,0.0010519797622511628,0.0008599087788163076,0.7956656346749225,0.7956656346749225,2009-02-26 00:23:00,0.6470588235294118,660.0,660.0,660.0,,,D,"Tendencia creciente: >=3 ventanas evaluables, pendiente y correlacion positivas, y el score maximo cae en la 2a mitad del episodio."
ramp_lineal__0240_0.50_24,continuous_timeline__01574,ramp_lineal,2009-02-07 21:32:00,2009-02-08 01:31:00,240,24,0.5,0.2083333333333326,50.0,0.7489583333333333,0.7498839626588567,12.109966666666667,9.081069791666666,3.028896875000001,25.01160373411433,6.054983333333333,3.028896875000001,0.75722421875,2.681,0.016727038,0.014907127,0.0019884435,False,10,,2009-02-07 21:32:00,2009-02-08 01:31:00,240,,,,0.041819351287775225,0.025092315,0.60001683,3.028896875,3.028896875,0.0,99.99999999999999,0.0,0.016707363,0.014907127,0.0023431187,False,10,,2009-02-07 21:32:00,2009-02-08 01:31:00,240,,,,0.041819351287775225,0.02511199,0.6004873,6.054983333333333,6.054983333333333,0.0,100.0,0.0,0.016834766,0.014907127,0.0019276384,False,10,,2009-02-07 21:32:00,2009-02-08 01:31:00,240,,,,0.041819351287775225,0.024984587,0.5974408,3.028896875,3.028896875,0.0,99.99999999999999,0.0,10,60.0,40.0,0.0007358711445704103,0.0006600804626941681,0.0076690721325576305,0.001988443545997143,6,0,0,0,0,0.0005607697886951042,0.00021732189043453245,0.5151515151515151,0.5151515151515151,2009-02-08 07:23:00,1.0,,,,,,D,"Tendencia creciente: >=3 ventanas evaluables, pendiente y correlacion positivas, y el score maximo cae en la 2a mitad del episodio."
ramp_lineal__0360_0.30_26,continuous_timeline__00926,ramp_lineal,2009-07-01 03:35:00,2009-07-01 09:34:00,360,26,0.3,0.19444444444444153,70.0,0.6490277777777778,0.5608610684769457,6.862866666666667,3.849114731481482,3.013751935185185,43.91389315230542,4.804006666666667,3.0137519351851862,0.5022919891975307,1.4479538888888888,0.029154766,0.027890043,0.0029554572,False,12,,2009-07-01 03:35:00,2009-07-01 09:34:00,360,,,,0.041819351287775225,0.012664586,0.30284032,3.0137519351851845,3.0137519351851845,0.0,100.00000000000001,0.0,0.040128794,0.027890043,0.02091884,False,12,,2009-07-01 03:35:00,2009-07-01 09:34:00,360,,,,0.041819351287775225,0.0016905591,0.040425282,4.804006666666667,4.804006666666667,0.0,100.0,0.0,0.028555488,0.027890043,0.0037002992,False,12,,2009-07-01 03:35:00,2009-07-01 09:34:00,360,,,,0.041819351287775225,0.013263864,0.3171705,3.013751935185185,3.013751935185185,0.0,100.0,0.0,12,75.0,25.0,0.001095147687010467,0.001372392289340496,0.015383491292595863,0.0029554571956396103,7,2,1,1,0,0.00026442824335365004,0.0002859525994716824,0.16783216783216784,0.16783216783216784,2009-07-01 15:23:00,1.0,0.0,0.0,660.0,,,D,"Tendencia creciente: >=3 ventanas evaluables, pendiente y correlacion positivas, y el score maximo cae en la 2a mitad del episodio."
ramp_lineal__0720_0.70_13,continuous_timeline__02363,ramp_lineal,2009-01-28 01:37:00,2009-01-28 13:36:00,720,13,0.7,0.04166666666666208,30.000000000000004,0.8497916666666667,0.8027622147795773,15.247466666666666,12.240090111111112,3.0073765555555543,19.72377852204227,4.57424,3.0073765555555543,0.250614712962963,0.79352,0.020590872,0.020326585,0.00058785826,False,18,,2009-01-28 01:37:00,2009-01-28 13:36:00,720,,,,0.041819351287775225,0.021228481,0.5076234,3.0073765555555556,3.0073765555555556,0.0,99.99999999999999,0.0,0.020842232,0.020326585,0.0020838315,False,18,,2009-01-28 01:37:00,2009-01-28 13:36:00,720,,,,0.041819351287775225,0.02097712,0.5016128,4.5742400000000005,4.5742400000000005,0.0,100.0,0.0,0.020459425,0.020326585,0.0007321993,False,18,,2009-01-28 01:37:00,2009-01-28 13:36:00,720,,,,0.041819351287775225,0.021359928,0.51076657,3.0073765555555543,3.0073765555555543,0.0,100.0,0.0,18,88.88888888888889,11.11111111111111,0.0001689795608399436,0.00013782363384962082,0.0031377053819596767,0.000587858259677887,12,0,0,0,0,-0.00043914472382473364,1.1904253090959584e-05,-0.5211558307533539,-0.5211558307533539,2009-01-28 08:23:00,0.35294117647058826,,,,,,C,"Respuesta persistente: racha maxima >= 2 ventanas, sin tendencia creciente clara."
ramp_lineal__0720_0.30_12,continuous_timeline__00962,ramp_lineal,2009-10-17 22:44:00,2009-10-18 10:43:00,720,12,0.3,0.09722222222222632,70.0,0.649513888888889,0.7347033042540289,11.334266666666666,8.327323171296296,3.00694349537037,26.529669574597122,7.933986666666666,3.00694349537037,0.2505786246141975,2.074930277777778,0.031458434,0.025129737,0.008471053,False,18,,2009-10-17 22:44:00,2009-10-18 10:43:00,720,,,,0.041819351287775225,0.010360919,0.24775417,3.00694349537037,3.00694349537037,0.0,100.0,0.0,0.05927159,0.025129737,0.03782829,True,18,2009-10-18 06:23:00,2009-10-17 22:44:00,2009-10-18 10:43:00,720,459.0,True,False,0.041819351287775225,-0.017452236,-0.4173244,7.933986666666666,5.854870000000001,2.079116666666665,73.7948051336949,26.20519486630511,0.026513895,0.025129737,0.0021198448,False,18,,2009-10-17 22:44:00,2009-10-18 10:43:00,720,,,,0.041819351287775225,0.015305458,0.36598983,3.0069434953703698,3.0069434953703698,0.0,100.00000000000001,0.0,18,72.22222222222221,27.77777777777778,0.0025454387068748474,0.00038240826688706875,0.04755646362900734,0.008471053093671799,10,4,4,2,0,0.0011262964424595496,0.0004397602285709235,0.7543859649122806,0.7543859649122806,2009-10-18 10:23:00,0.6470588235294118,600.0,600.0,660.0,,,D,"Tendencia creciente: >=3 ventanas evaluables, pendiente y correlacion positivas, y el score maximo cae en la 2a mitad del episodio."
ramp_lineal__0720_0.30_11,continuous_timeline__00961,ramp_lineal,2009-05-13 17:26:00,2009-05-14 05:25:00,720,11,0.3,0.09722222222222632,70.0,0.649513888888889,0.6995047055429395,9.981333333333334,6.981989634259261,2.999343699074073,30.049529445706046,6.986933333333334,2.999343699074072,0.2499453082561728,1.2460933333333335,0.03675819,0.0229991,0.01673407,False,18,,2009-05-13 17:26:00,2009-05-14 05:25:00,720,,,,0.041819351287775225,0.0050611645,0.12102446,2.999343699074074,2.999343699074074,0.0,99.99999999999999,0.0,0.05830018,0.0229991,0.037049927,True,18,2009-05-14 02:23:00,2009-05-13 17:26:00,2009-05-14 05:25:00,720,537.0,True,False,0.041819351287775225,-0.016480826,-0.39409566,6.986933333333334,6.2531,0.733833333333334,89.49706118087094,10.50293881912905,0.026462242,0.0229991,0.005034661,False,18,,2009-05-13 17:26:00,2009-05-14 05:25:00,720,,,,0.041819351287775225,0.015357111,0.36722496,2.999343699074073,2.999343699074073,0.0,100.0,0.0,18,100.0,0.0,0.0059400019235908985,0.0035054050385951996,0.1069200336933136,0.01673406921327114,18,11,7,5,5,0.0010652773954950743,0.0008254696733257718,0.8307533539731682,0.8307533539731682,2009-05-14 07:23:00,0.7647058823529411,420.0,420.0,660.0,660.0,,D,"Tendencia creciente: >=3 ventanas evaluables, pendiente y correlacion positivas, y el score maximo cae en la 2a mitad del episodio."
ramp_lineal__1440_0.70_49,continuous_timeline__02449,ramp_lineal,2009-02-16 07:38:00,2009-02-17 07:37:00,1440,49,0.7,0.02083333333333659,30.000000000000004,0.8498958333333333,0.8569367892120956,20.7057,17.74347607638889,2.962223923611109,14.306321078790425,6.211710000000002,2.9622239236111128,0.12342599681712964,0.6577725000000001,0.018962473,0.018033858,0.0016053356,False,30,,2009-02-16 07:38:00,2009-02-17 07:37:00,1440,,,,0.041819351287775225,0.02285688,0.54656225,2.9622239236111114,2.9622239236111114,0.0,100.0,0.0,0.019471904,0.018033858,0.0052102283,False,30,,2009-02-16 07:38:00,2009-02-17 07:37:00,1440,,,,0.041819351287775225,0.022347448,0.53438056,6.211710000000001,6.211710000000001,0.0,99.99999999999999,0.0,0.017958524,0.018033858,0.002695676,False,30,,2009-02-16 07:38:00,2009-02-17 07:37:00,1440,,,,0.041819351287775225,0.023860829,0.57056904,2.9622239236111123,2.9622239236111123,0.0,100.0,0.0,30,76.66666666666667,23.333333333333332,0.00039347269921563566,0.00037218304350972176,0.015173530206084251,0.0016053356230258942,16,0,0,0,0,9.98918670493777e-05,2.9894061390729057e-05,0.2382647385984427,0.2382647385984427,2009-02-17 08:23:00,0.8275862068965517,,,,,,D,"Tendencia creciente: >=3 ventanas evaluables, pendiente y correlacion positivas, y el score maximo cae en la 2a mitad del episodio."
ramp_lineal__0720_0.70_47,continuous_timeline__02397,ramp_lineal,2009-03-31 02:18:00,2009-03-31 14:17:00,720,47,0.7,0.04166666666666208,30.000000000000004,0.8497916666666667,0.8133422749598742,15.866800000000001,12.905139208333333,2.9616607916666684,18.665772504012583,4.760040000000002,2.9616607916666684,0.24680506597222227,1.4189333333333338,0.01830322,0.01832423,0.0013045706,False,18,,2009-03-31 02:18:00,2009-03-31 14:17:00,720,,,,0.041819351287775225,0.023516133,0.56232655,2.961660791666667,2.961660791666667,0.0,100.0,0.0,0.01827648,0.01832423,0.0022909055,False,18,,2009-03-31 02:18:00,2009-03-31 14:17:00,720,,,,0.041819351287775225,0.023542874,0.562966,4.760040000000001,4.760040000000001,0.0,100.0,0.0,0.01818099,0.01832423,0.0017308574,False,18,,2009-03-31 02:18:00,2009-03-31 14:17:00,720,,,,0.041819351287775225,0.023638362,0.5652494,2.9616607916666675,2.9616607916666675,0.0,100.0,0.0,18,61.111111111111114,38.88888888888889,0.0005151061341166496,0.0005060778930783272,0.009792640805244446,0.001304570585489273,11,0,0,0,0,-0.00040810382122441057,7.851582003221053e-05,-0.717234262125903,-0.717234262125903,2009-03-31 04:23:00,0.11764705882352941,,,,,,C,"Respuesta persistente: racha maxima >= 2 ventanas, sin tendencia creciente clara."
ramp_lineal__0360_0.70_39,continuous_timeline__02339,ramp_lineal,2009-01-18 13:23:00,2009-01-18 19:22:00,360,39,0.7,0.08333333333333526,30.000000000000004,0.8495833333333332,0.8482150010036863,19.48373333333333,16.526394888888888,2.957338444444442,15.178499899631365,5.845119999999998,2.9573384444444386,0.49288974074074077,1.910235000000001,0.020383475,0.020382516,0.00031858124,False,12,,2009-01-18 13:23:00,2009-01-18 19:22:00,360,,,,0.041819351287775225,0.021435877,0.5125827,2.957338444444445,2.957338444444445,0.0,99.99999999999999,0.0,0.020600412,0.020382516,0.00070024375,False,12,,2009-01-18 13:23:00,2009-01-18 19:22:00,360,,,,0.041819351287775225,0.02121894,0.50739527,5.8451200000000005,5.8451200000000005,0.0,100.0,0.0,0.020433836,0.020382516,0.00031574443,False,12,,2009-01-18 13:23:00,2009-01-18 19:22:00,360,,,,0.041819351287775225,0.021385517,0.51137847,2.957338444444444,2.957338444444444,0.0,100.0,0.0,12,75.0,25.0,9.357836097478867e-05,7.721502333879471e-05,0.0012932298704981804,0.0003185812383890152,7,0,0,0,0,-0.0005632878470045705,1.4662319286303086e-05,-0.7132867132867133,-0.7132867132867133,2009-01-18 13:23:00,0.0,,,,,,C,"Respuesta persistente: racha maxima >= 2 ventanas, sin tendencia creciente clara."
ramp_lineal__1440_0.70_45,continuous_timeline__02445,ramp_lineal,2009-11-06 07:52:00,2009-11-07 07:51:00,1440,45,0.7,0.02083333333333659,30.000000000000004,0.8498958333333333,0.8720832540241827,22.941166666666664,20.00660727777778,2.9345593888888857,12.791674597581725,6.882349999999999,2.934559388888882,0.1222733078703704,0.9936225000000003,0.025388353,0.024614768,0.0020914525,False,30,,2009-11-06 07:52:00,2009-11-07 07:51:00,1440,,,,0.041819351287775225,0.016431,0.39290422,2.9345593888888897,2.9345593888888897,0.0,100.0,0.0,0.026549784,0.024614768,0.0046061315,False,30,,2009-11-06 07:52:00,2009-11-07 07:51:00,1440,,,,0.041819351287775225,0.015269568,0.36513162,6.882350000000001,6.882350000000001,0.0,99.99999999999999,0.0,0.025444653,0.024614768,0.0013486538,False,30,,2009-11-06 07:52:00,2009-11-07 07:51:00,1440,,,,0.041819351287775225,0.0163747,0.39155793,2.9345593888888866,2.9345593888888866,0.0,100.00000000000001,0.0,30,66.66666666666666,33.33333333333333,0.0002669534005690366,0.00038937292993068695,0.014799866825342178,0.002091452479362488,12,1,0,0,0,6.260893372891299e-05,-1.7790915289100296e-06,0.1875417130144605,0.1875417130144605,2009-11-06 18:23:00,0.3448275862068966,600.0,,,,,C,"Respuesta persistente: racha maxima >= 2 ventanas, sin tendencia creciente clara."
ramp_lineal__0360_0.30_34,continuous_timeline__00934,ramp_lineal,2009-05-26 04:36:00,2009-05-26 10:35:00,360,34,0.3,0.19444444444444153,70.0,0.6490277777777778,0.5820612207259513,7.018683333333333,4.08530338888889,2.933379944444443,41.79387792740485,4.913078333333333,2.933379944444443,0.4888966574074074,1.403115,0.020474048,0.020568918,0.0028839735,False,12,,2009-05-26 04:36:00,2009-05-26 10:35:00,360,,,,0.041819351287775225,0.021345304,0.5104169,2.9333799444444444,2.9333799444444444,0.0,100.00000000000001,0.0,0.03343614,0.020568918,0.0155183915,False,12,,2009-05-26 04:36:00,2009-05-26 10:35:00,360,,,,0.041819351287775225,0.0083832145,0.20046256,4.913078333333334,4.913078333333334,0.0,100.0,0.0,0.02021351,0.020568918,0.0019014915,False,12,,2009-05-26 04:36:00,2009-05-26 10:35:00,360,,,,0.041819351287775225,0.021605842,0.516647,2.9333799444444444,2.9333799444444444,0.0,100.00000000000001,0.0,12,66.66666666666666,33.33333333333333,0.0008101872517727315,0.0008628624491393566,0.011968404985964298,0.0028839735314249992,8,0,0,0,0,-0.0011606189288798118,0.00023898411008132085,-0.9160839160839163,-0.9160839160839163,2009-05-26 05:23:00,0.0,,,,,,C,"Respuesta persistente: racha maxima >= 2 ventanas, sin tendencia creciente clara."
ramp_lineal__0720_0.30_18,continuous_timeline__00968,ramp_lineal,2009-11-16 05:34:00,2009-11-16 17:33:00,720,18,0.3,0.09722222222222632,70.0,0.649513888888889,0.7549046440752617,11.924233333333332,9.00165912037037,2.922574212962962,24.50953559247383,8.346963333333331,2.92257421296296,0.2435478510802469,1.1188799999999999,0.034935534,0.025209485,0.01720402,False,18,,2009-11-16 05:34:00,2009-11-16 17:33:00,720,,,,0.041819351287775225,0.0068838187,0.16460845,2.922574212962963,2.922574212962963,0.0,100.0,0.0,0.063694045,0.025209485,0.04596253,True,18,2009-11-16 15:23:00,2009-11-16 05:34:00,2009-11-16 17:33:00,720,589.0,True,False,0.041819351287775225,-0.021874692,-0.5230758,8.346963333333333,7.838319999999999,0.5086433333333344,93.90624694250083,6.0937530574991685,0.025013754,0.025209485,0.0022096206,False,18,,2009-11-16 05:34:00,2009-11-16 17:33:00,720,,,,0.041819351287775225,0.016805599,0.40186176,2.9225742129629624,2.9225742129629624,0.0,100.0,0.0,18,88.88888888888889,11.11111111111111,0.004958374425768852,0.002802932169288397,0.08944469690322876,0.01720402017235756,15,5,4,3,1,0.0003294966465210156,0.0007643519494186611,0.29205366357069146,0.29205366357069146,2009-11-16 18:23:00,0.7058823529411765,0.0,660.0,720.0,720.0,,D,"Tendencia creciente: >=3 ventanas evaluables, pendiente y correlacion positivas, y el score maximo cae en la 2a mitad del episodio."
ramp_lineal__0360_0.30_01,continuous_timeline__00901,ramp_lineal,2008-12-31 04:08:00,2008-12-31 10:07:00,360,1,0.3,0.19444444444444153,70.0,0.6490277777777778,0.5567474451260453,6.558633333333334,3.6515023518518523,2.9071309814814814,44.32525548739547,4.591043333333333,2.907130981481482,0.48452183024691353,2.9175883333333332,0.021387007,0.020639786,0.004039893,False,12,,2008-12-31 04:08:00,2008-12-31 10:07:00,360,,,,0.041819351287775225,0.020432346,0.4885859,2.907130981481481,2.907130981481481,0.0,100.0,0.0,0.05549697,0.020639786,0.03621187,True,12,2008-12-31 07:23:00,2008-12-31 04:08:00,2008-12-31 10:07:00,360,195.0,True,False,0.041819351287775225,-0.013677616,-0.32706428,4.591043333333333,1.11468,3.4763633333333335,24.279448462332088,75.72055153766792,0.02505586,0.020639786,0.0057707634,False,12,,2008-12-31 04:08:00,2008-12-31 10:07:00,360,,,,0.041819351287775225,0.016763493,0.40085492,2.907130981481481,2.907130981481481,0.0,100.0,0.0,12,83.33333333333334,16.666666666666664,0.0014195744879543781,0.0017722095362842083,0.01829041913151741,0.004039892926812172,7,0,0,0,0,-0.00018768740974210436,0.0003272178420028486,-0.06993006993006995,-0.06993006993006995,2008-12-31 10:23:00,0.5454545454545454,,,,,,C,"Respuesta persistente: racha maxima >= 2 ventanas, sin tendencia creciente clara."
ramp_lineal__0240_0.30_35,continuous_timeline__00885,ramp_lineal,2009-09-09 17:45:00,2009-09-09 21:44:00,240,35,0.3,0.29166666666666785,70.0,0.6485416666666668,0.5342641099894014,6.227266666666667,3.3270050833333333,2.9002615833333336,46.57358900105985,4.359086666666667,2.900261583333334,0.7250653958333333,2.8892266666666657,0.045768525,0.045505397,0.0023493376,False,10,,2009-09-09 17:45:00,2009-09-09 21:44:00,240,,,,0.041819351287775225,-0.003949173,-0.0944341,2.900261583333333,2.900261583333333,0.0,100.00000000000001,0.0,0.04969226,0.045505397,0.010844342,True,10,2009-09-09 19:23:00,2009-09-09 17:45:00,2009-09-09 21:44:00,240,98.0,True,False,0.041819351287775225,-0.007872906,-0.18825987,4.359086666666667,0.57029,3.7887966666666673,13.082786455266621,86.91721354473337,0.04713598,0.045505397,0.003709199,False,10,,2009-09-09 17:45:00,2009-09-09 21:44:00,240,,,,0.041819351287775225,-0.0053166263,-0.12713316,2.900261583333333,2.900261583333333,0.0,100.00000000000001,0.0,10,90.0,10.0,0.0012731471797451377,0.00170050747692585,0.01314477063715458,0.002349337562918663,8,4,4,3,2,-0.001616832918741487,0.00024376492382902087,-0.3696969696969697,-0.3696969696969697,2009-09-09 18:23:00,0.0,0.0,0.0,0.0,0.0,0.0,C,"Respuesta persistente: racha maxima >= 2 ventanas, sin tendencia creciente clara."
ramp_lineal__0360_0.50_11,continuous_timeline__01611,ramp_lineal,2009-02-06 03:30:00,2009-02-06 09:29:00,360,11,0.5,0.1388888888888884,50.0,0.7493055555555556,0.6902392714304364,9.362333333333334,6.462250138888889,2.900083194444445,30.976072856956367,4.681166666666667,2.900083194444445,0.48334719907407414,1.781883333333333,0.021138487,0.020638749,0.0007285923,False,12,,2009-02-06 03:30:00,2009-02-06 09:29:00,360,,,,0.041819351287775225,0.020680865,0.4945286,2.9000831944444445,2.9000831944444445,0.0,100.0,0.0,0.021144709,0.020638749,0.0025736326,False,12,,2009-02-06 03:30:00,2009-02-06 09:29:00,360,,,,0.041819351287775225,0.020674644,0.49437982,4.681166666666667,4.681166666666667,0.0,100.0,0.0,0.021015726,0.020638749,0.0008817455,False,12,,2009-02-06 03:30:00,2009-02-06 09:29:00,360,,,,0.041819351287775225,0.020803627,0.4974641,2.900083194444444,2.900083194444444,0.0,100.0,0.0,12,66.66666666666666,33.33333333333333,0.00013506761752068996,0.0001966319978237152,0.00287584587931633,0.0007285922765731812,6,0,0,0,0,0.00032997547512079474,7.548836105457551e-05,0.3216783216783217,0.3216783216783217,2009-02-06 15:23:00,1.0,,,,,,D,"Tendencia creciente: >=3 ventanas evaluables, pendiente y correlacion positivas, y el score maximo cae en la 2a mitad del episodio."
ramp_lineal__0720_0.50_27,continuous_timeline__01677,ramp_lineal,2009-05-17 13:12:00,2009-05-18 01:11:00,720,27,0.5,0.0694444444444442,50.0,0.7496527777777777,0.7573963152522928,11.931466666666665,9.036848888888889,2.8946177777777766,24.260368474770722,5.965733333333333,2.8946177777777766,0.2412181481481481,1.2792374999999998,0.025460733,0.025427949,0.0038041528,False,18,,2009-05-17 13:12:00,2009-05-18 01:11:00,720,,,,0.041819351287775225,0.01635862,0.39117342,2.894617777777777,2.894617777777777,0.0,99.99999999999999,0.0,0.02758331,0.025427949,0.005231533,False,18,,2009-05-17 13:12:00,2009-05-18 01:11:00,720,,,,0.041819351287775225,0.014236042,0.34041756,5.965733333333333,5.965733333333333,0.0,100.0,0.0,0.0268602,0.025427949,0.0020512585,False,18,,2009-05-17 13:12:00,2009-05-18 01:11:00,720,,,,0.041819351287775225,0.014959153,0.35770884,2.894617777777777,2.894617777777777,0.0,99.99999999999999,0.0,18,61.111111111111114,38.88888888888889,0.0011168948840349913,0.00012080557644367218,0.021470844745635986,0.0038041528314352036,7,1,1,0,0,7.145710374056572e-05,0.00023814227616547054,0.18059855521155832,0.18059855521155832,2009-05-17 14:23:00,0.058823529411764705,60.0,60.0,,,,C,"Respuesta persistente: racha maxima >= 2 ventanas, sin tendencia creciente clara."
ramp_lineal__1440_0.70_07,continuous_timeline__02407,ramp_lineal,2009-08-31 08:37:00,2009-09-01 08:36:00,1440,7,0.7,0.02083333333333659,30.000000000000004,0.8498958333333333,0.8605402442963244,20.743933333333334,17.850989458333334,2.8929438750000003,13.945975570367562,6.223180000000001,2.8929438750000003,0.12053932812500001,0.9608987500000001,0.031589508,0.031173896,0.001310315,False,30,,2009-08-31 08:37:00,2009-09-01 08:36:00,1440,,,,0.041819351287775225,0.010229845,0.24461988,2.8929438750000003,2.8929438750000003,0.0,100.0,0.0,0.031592384,0.031173896,0.002187105,False,30,,2009-08-31 08:37:00,2009-09-01 08:36:00,1440,,,,0.041819351287775225,0.010226969,0.24455109,6.22318,6.22318,0.0,100.0,0.0,0.031526856,0.031173896,0.0011939202,False,30,,2009-08-31 08:37:00,2009-09-01 08:36:00,1440,,,,0.041819351287775225,0.0102924965,0.24611802,2.8929438750000003,2.8929438750000003,0.0,100.0,0.0,30,66.66666666666666,33.33333333333333,6.530300743179396e-05,0.00014622090384364128,0.008398882113397121,0.0013103149831295013,11,14,13,1,0,0.00036945774181599834,2.87733404369853e-06,0.5190211345939933,0.5190211345939933,2009-09-01 14:23:00,1.0,540.0,540.0,900.0,,,D,"Tendencia creciente: >=3 ventanas evaluables, pendiente y correlacion positivas, y el score maximo cae en la 2a mitad del episodio."
ramp_lineal__0360_0.30_24,continuous_timeline__00924,ramp_lineal,2009-03-16 06:55:00,2009-03-16 12:54:00,360,24,0.3,0.19444444444444153,70.0,0.6490277777777778,0.6771062533253008,8.945166666666667,6.056828287037037,2.88833837962963,32.289374667469914,6.261616666666667,2.88833837962963,0.4813897299382715,0.9815516666666666,0.021024961,0.021008562,0.005923898,False,12,,2009-03-16 06:55:00,2009-03-16 12:54:00,360,,,,0.041819351287775225,0.020794392,0.49724326,2.888338379629629,2.888338379629629,0.0,99.99999999999999,0.0,0.022219738,0.021008562,0.00798728,False,12,,2009-03-16 06:55:00,2009-03-16 12:54:00,360,,,,0.041819351287775225,0.019599615,0.46867332,6.261616666666667,6.261616666666667,0.0,99.99999999999999,0.0,0.021179166,0.021008562,0.0016841795,False,12,,2009-03-16 06:55:00,2009-03-16 12:54:00,360,,,,0.041819351287775225,0.020640187,0.49355587,2.8883383796296296,2.8883383796296296,0.0,100.0,0.0,12,100.0,0.0,0.002856724662706256,0.002752058207988739,0.034280695021152496,0.005923897959291935,12,0,0,0,0,0.00015488989208336477,0.0004076251102337888,0.1258741258741259,0.1258741258741259,2009-03-16 07:23:00,0.0,,,,,,C,"Respuesta persistente: racha maxima >= 2 ventanas, sin tendencia creciente clara."
ramp_lineal__0720_0.50_33,continuous_timeline__01683,ramp_lineal,2009-10-01 21:04:00,2009-10-02 09:03:00,720,33,0.5,0.0694444444444442,50.0,0.7496527777777777,0.7847293358891535,13.2537,10.400567199074073,2.853132800925927,21.527066411084654,6.62685,2.853132800925927,0.23776106674382716,1.685998611111111,0.04109249,0.03542931,0.0088004,False,18,,2009-10-01 21:04:00,2009-10-02 09:03:00,720,,,,0.041819351287775225,0.00072686374,0.017381039,2.853132800925926,2.853132800925926,0.0,100.0,0.0,0.06619159,0.03542931,0.034246877,True,18,2009-10-02 03:23:00,2009-10-01 21:04:00,2009-10-02 09:03:00,720,379.0,True,False,0.041819351287775225,-0.024372239,-0.58279806,6.62685,3.8540833333333335,2.7727666666666666,58.15860225194977,41.84139774805023,0.037801504,0.03542931,0.0031286795,False,18,,2009-10-01 21:04:00,2009-10-02 09:03:00,720,,,,0.041819351287775225,0.0040178485,0.096076295,2.8531328009259265,2.8531328009259265,0.0,100.0,0.0,18,83.33333333333334,16.666666666666664,0.0027524817269295454,0.001832044217735529,0.050431638956069946,0.008800400421023369,12,8,7,6,4,5.75333920195007e-05,0.00028458800093800413,-0.0010319917440660476,-0.0010319917440660476,2009-10-02 07:23:00,0.5882352941176471,360.0,360.0,420.0,480.0,,C,"Respuesta persistente: racha maxima >= 2 ventanas, sin tendencia creciente clara."
ramp_lineal__0720_0.50_46,continuous_timeline__01696,ramp_lineal,2009-06-04 14:27:00,2009-06-05 02:26:00,720,46,0.5,0.0694444444444442,50.0,0.7496527777777777,0.7011598544809119,9.519433333333332,6.674644490740741,2.8447888425925907,29.88401455190881,4.759716666666666,2.84478884259259,0.23706573688271604,1.371458333333333,0.030620482,0.029234912,0.0025779754,False,18,,2009-06-04 14:27:00,2009-06-05 02:26:00,720,,,,0.041819351287775225,0.011198871,0.2677916,2.8447888425925925,2.8447888425925925,0.0,100.0,0.0,0.04233952,0.029234912,0.017907577,True,18,2009-06-04 20:23:00,2009-06-04 14:27:00,2009-06-05 02:26:00,720,356.0,True,False,0.041819351287775225,-0.000520166,-0.012438404,4.759716666666666,1.4067666666666667,3.352949999999999,29.555680835343846,70.44431916465615,0.029247202,0.029234912,0.0036565848,False,18,,2009-06-04 14:27:00,2009-06-05 02:26:00,720,,,,0.041819351287775225,0.012572151,0.30062997,2.8447888425925916,2.8447888425925916,0.0,99.99999999999999,0.0,18,88.88888888888889,11.11111111111111,0.0011129645863547921,0.0013694120571017265,0.020875725895166397,0.0025779753923416138,11,6,5,1,0,6.165339681632295e-05,0.0001456251885007655,0.021671826625386997,0.021671826625386997,2009-06-05 07:23:00,0.9411764705882353,60.0,120.0,840.0,,,D,"Tendencia creciente: >=3 ventanas evaluables, pendiente y correlacion positivas, y el score maximo cae en la 2a mitad del episodio."
ramp_lineal__0360_0.30_39,continuous_timeline__00939,ramp_lineal,2009-06-19 03:31:00,2009-06-19 09:30:00,360,39,0.3,0.19444444444444153,70.0,0.6490277777777778,0.5649228740951017,6.528766666666667,3.68824962962963,2.8405170370370367,43.50771259048983,4.5701366666666665,2.8405170370370367,0.47341950617283945,2.723,0.028329246,0.026728788,0.005723903,False,12,,2009-06-19 03:31:00,2009-06-19 09:30:00,360,,,,0.041819351287775225,0.013490107,0.3225805,2.8405170370370367,2.8405170370370367,0.0,99.99999999999999,0.0,0.07051328,0.026728788,0.04601867,True,12,2009-06-19 05:23:00,2009-06-19 03:31:00,2009-06-19 09:30:00,360,112.0,True,False,0.041819351287775225,-0.028693926,-0.6861399,4.5701366666666665,0.80129,3.7688466666666667,17.533173697941926,82.46682630205807,0.034444988,0.026728788,0.010113083,False,12,,2009-06-19 03:31:00,2009-06-19 09:30:00,360,,,,0.041819351287775225,0.007374365,0.17633857,2.840517037037037,2.840517037037037,0.0,100.0,0.0,12,100.0,0.0,0.0030315967742353678,0.0030715148895978928,0.03637916222214699,0.005723902955651283,12,7,5,0,0,-0.00037838032768739604,0.00022998341469914762,-0.5104895104895105,-0.5104895104895105,2009-06-19 07:23:00,0.2727272727272727,60.0,60.0,,,,C,"Respuesta persistente: racha maxima >= 2 ventanas, sin tendencia creciente clara."
ramp_lineal__0720_0.50_23,continuous_timeline__01673,ramp_lineal,2009-09-18 04:05:00,2009-09-18 16:04:00,720,23,0.5,0.0694444444444442,50.0,0.7496527777777777,0.7611028817123986,11.811199999999998,8.989538356481482,2.8216616435185156,23.889711828760124,5.905599999999999,2.8216616435185156,0.2351384702932099,1.298222222222222,0.041497663,0.03499965,0.0082343,False,18,,2009-09-18 04:05:00,2009-09-18 16:04:00,720,,,,0.041819351287775225,0.00032169,0.0076923715,2.8216616435185187,2.8216616435185187,0.0,100.0,0.0,0.045048337,0.03499965,0.013550697,True,18,2009-09-18 18:23:00,2009-09-18 04:05:00,2009-09-18 16:04:00,720,858.0,False,True,0.041819351287775225,-0.0032289848,-0.07721269,5.905599999999999,5.905599999999999,0.0,99.99999999999999,0.0,0.036691103,0.03499965,0.0024445616,False,18,,2009-09-18 04:05:00,2009-09-18 16:04:00,720,,,,0.041819351287775225,0.0051282495,0.12262862,2.821661643518518,2.821661643518518,0.0,100.0,0.0,18,94.44444444444444,5.555555555555555,0.0028025463689118624,0.0008249557577073574,0.05045856907963753,0.008234299719333649,14,6,6,6,5,0.0009624436757189936,0.000468064496491654,0.4592363261093911,0.4592363261093911,2009-09-18 20:23:00,0.9411764705882353,60.0,180.0,720.0,720.0,,D,"Tendencia creciente: >=3 ventanas evaluables, pendiente y correlacion positivas, y el score maximo cae en la 2a mitad del episodio."
ramp_lineal__0360_0.50_21,continuous_timeline__01621,ramp_lineal,2008-12-17 04:28:00,2008-12-17 10:27:00,360,21,0.5,0.1388888888888884,50.0,0.7493055555555556,0.6773556082788321,8.6967,5.89075851851852,2.8059414814814803,32.26443917211678,4.34835,2.8059414814814803,0.46765691358024686,1.787377777777778,0.014309586,0.014504578,0.0009794948,False,12,,2008-12-17 04:28:00,2008-12-17 10:27:00,360,,,,0.041819351287775225,0.027509768,0.65782386,2.805941481481481,2.805941481481481,0.0,100.0,0.0,0.01704652,0.014504578,0.0029047066,False,12,,2008-12-17 04:28:00,2008-12-17 10:27:00,360,,,,0.041819351287775225,0.024772832,0.59237725,4.34835,4.34835,0.0,100.0,0.0,0.014629134,0.014504578,0.000860651,False,12,,2008-12-17 04:28:00,2008-12-17 10:27:00,360,,,,0.041819351287775225,0.02719022,0.6501827,2.8059414814814807,2.8059414814814807,0.0,100.0,0.0,12,41.66666666666667,58.333333333333336,0.00022322090808302164,-1.6590114682912827e-05,0.0032693459652364254,0.0009794947691261768,5,0,0,0,0,-0.0006163511246156232,7.083231967489618e-05,-0.8321678321678322,-0.8321678321678322,2008-12-17 08:23:00,0.2727272727272727,,,,,,C,"Respuesta persistente: racha maxima >= 2 ventanas, sin tendencia creciente clara."
ramp_lineal__0720_0.50_16,continuous_timeline__01666,ramp_lineal,2009-09-15 16:57:00,2009-09-16 04:56:00,720,16,0.5,0.0694444444444442,50.0,0.7496527777777777,0.8044863053719628,14.277766666666666,11.48626775462963,2.791498912037037,19.551369462803734,7.138883333333333,2.791498912037035,0.23262490933641974,1.0323333333333329,0.030365618,0.028795024,0.0033464953,False,18,,2009-09-15 16:57:00,2009-09-16 04:56:00,720,,,,0.041819351287775225,0.011453735,0.273886,2.791498912037037,2.791498912037037,0.0,100.00000000000001,0.0,0.03233897,0.028795024,0.0061171744,False,18,,2009-09-15 16:57:00,2009-09-16 04:56:00,720,,,,0.041819351287775225,0.009480383,0.22669847,7.138883333333333,7.138883333333333,0.0,100.0,0.0,0.029415878,0.028795024,0.0017141271,False,18,,2009-09-15 16:57:00,2009-09-16 04:56:00,720,,,,0.041819351287775225,0.012403475,0.29659653,2.791498912037036,2.791498912037036,0.0,100.0,0.0,18,100.0,0.0,0.0012084848713129759,0.0007164310663938522,0.021752728149294853,0.0033464953303337097,18,5,4,1,0,7.432912571511438e-05,0.00016541328181207975,0.13725490196078433,0.13725490196078433,2009-09-16 07:23:00,0.8235294117647058,0.0,0.0,840.0,,,D,"Tendencia creciente: >=3 ventanas evaluables, pendiente y correlacion positivas, y el score maximo cae en la 2a mitad del episodio."
ramp_lineal__0360_0.30_35,continuous_timeline__00935,ramp_lineal,2009-11-23 19:22:00,2009-11-24 01:21:00,360,35,0.3,0.19444444444444153,70.0,0.6490277777777778,0.7217213316063917,10.028433333333332,7.237734259259258,2.790699074074074,27.82786683936083,7.019903333333332,2.790699074074073,0.4651165123456789,1.4581,0.017012903,0.013840413,0.005228891,False,12,,2009-11-23 19:22:00,2009-11-24 01:21:00,360,,,,0.041819351287775225,0.02480645,0.5931811,2.7906990740740736,2.7906990740740736,0.0,100.0,0.0,0.019946354,0.013840413,0.0097556645,False,12,,2009-11-23 19:22:00,2009-11-24 01:21:00,360,,,,0.041819351287775225,0.021873,0.52303535,7.019903333333334,7.019903333333334,0.0,100.0,0.0,0.015585285,0.013840413,0.0019035032,False,12,,2009-11-23 19:22:00,2009-11-24 01:21:00,360,,,,0.041819351287775225,0.026234068,0.62731886,2.7906990740740745,2.7906990740740745,0.0,100.00000000000001,0.0,12,91.66666666666666,8.333333333333332,0.0017884764820337296,0.0016467818059027195,0.02151702344417572,0.005228891037404537,10,0,0,0,0,0.00030105416435044995,0.0003561892227588833,0.7132867132867133,0.7132867132867133,2009-11-24 06:23:00,1.0,,,,,,D,"Tendencia creciente: >=3 ventanas evaluables, pendiente y correlacion positivas, y el score maximo cae en la 2a mitad del episodio."
ramp_lineal__0360_0.50_20,continuous_timeline__01620,ramp_lineal,2009-03-22 09:06:00,2009-03-22 15:05:00,360,20,0.5,0.1388888888888884,50.0,0.7493055555555556,0.6782046879148532,8.662700000000001,5.87508375,2.787616250000001,32.179531208514675,4.3313500000000005,2.787616250000001,0.4646027083333334,2.2288,0.04673337,0.048252944,0.0009480603,False,12,,2009-03-22 09:06:00,2009-03-22 15:05:00,360,,,,0.041819351287775225,-0.0049140155,-0.117505774,2.78761625,2.78761625,0.0,100.00000000000001,0.0,0.04674125,0.048252944,0.0052092355,True,12,2009-03-22 16:23:00,2009-03-22 09:06:00,2009-03-22 15:05:00,360,437.0,False,True,0.041819351287775225,-0.0049218982,-0.11769427,4.3313500000000005,4.3313500000000005,0.0,100.0,0.0,0.047679298,0.048252944,0.0033121742,False,12,,2009-03-22 09:06:00,2009-03-22 15:05:00,360,,,,0.041819351287775225,-0.005859945,-0.1401252,2.7876162500000006,2.7876162500000006,0.0,100.0,0.0,12,75.0,25.0,-5.338946357369423e-05,0.0001864992082118988,0.0031330063939094543,0.0009480603039264679,6,6,6,5,5,0.0018469223596311935,-8.076570693637938e-05,0.6783216783216784,0.6783216783216784,2009-03-22 17:23:00,0.7272727272727273,0.0,0.0,420.0,420.0,480.0,D,"Tendencia creciente: >=3 ventanas evaluables, pendiente y correlacion positivas, y el score maximo cae en la 2a mitad del episodio."
ramp_lineal__0720_0.50_37,continuous_timeline__01687,ramp_lineal,2009-05-13 10:15:00,2009-05-13 22:14:00,720,37,0.5,0.0694444444444442,50.0,0.7496527777777777,0.7345735750459526,10.469733333333332,7.6907894444444445,2.7789438888888878,26.542642495404735,5.234866666666666,2.7789438888888878,0.23157865740740743,2.5087111111111113,0.023700725,0.022061914,0.0030760951,False,18,,2009-05-13 10:15:00,2009-05-13 22:14:00,720,,,,0.041819351287775225,0.018118627,0.4332594,2.778943888888889,2.778943888888889,0.0,100.0,0.0,0.025576549,0.022061914,0.006418366,False,18,,2009-05-13 10:15:00,2009-05-13 22:14:00,720,,,,0.041819351287775225,0.016242804,0.388404,5.234866666666666,5.234866666666666,0.0,99.99999999999999,0.0,0.02368256,0.022061914,0.0032820832,False,18,,2009-05-13 10:15:00,2009-05-13 22:14:00,720,,,,0.041819351287775225,0.018136792,0.43369374,2.7789438888888895,2.7789438888888895,0.0,100.0,0.0,18,94.44444444444444,5.555555555555555,0.001115251798182726,0.0006314124912023544,0.020358595997095108,0.0030760951340198517,12,0,0,0,0,0.0007040021274050446,0.00014595013453987482,0.9112487100103198,0.9112487100103198,2009-05-14 02:23:00,0.9411764705882353,,,,,,D,"Tendencia creciente: >=3 ventanas evaluables, pendiente y correlacion positivas, y el score maximo cae en la 2a mitad del episodio."
ramp_lineal__0720_0.70_03,continuous_timeline__02353,ramp_lineal,2009-06-03 02:25:00,2009-06-03 14:24:00,720,3,0.7,0.04166666666666208,30.000000000000004,0.8497916666666667,0.8208061007765666,15.435466666666665,12.669525208333333,2.765941458333332,17.919389922343342,4.63064,2.76594145833333,0.2304951215277778,1.02575,0.023686687,0.02346642,0.0012756297,False,18,,2009-06-03 02:25:00,2009-06-03 14:24:00,720,,,,0.041819351287775225,0.018132666,0.4335951,2.7659414583333333,2.7659414583333333,0.0,99.99999999999999,0.0,0.02514491,0.02346642,0.002297746,False,18,,2009-06-03 02:25:00,2009-06-03 14:24:00,720,,,,0.041819351287775225,0.016674442,0.3987255,4.6306400000000005,4.6306400000000005,0.0,100.0,0.0,0.023426902,0.02346642,0.0013364558,False,18,,2009-06-03 02:25:00,2009-06-03 14:24:00,720,,,,0.041819351287775225,0.018392451,0.43980718,2.7659414583333324,2.7659414583333324,0.0,100.0,0.0,18,94.44444444444444,5.555555555555555,0.0004948306013830006,0.00041625555604696274,0.008936665952205658,0.001275629736483097,17,0,0,0,0,-0.0004466359587184415,4.536367066673573e-05,-0.5913312693498451,-0.5913312693498451,2009-06-03 08:23:00,0.29411764705882354,,,,,,C,"Respuesta persistente: racha maxima >= 2 ventanas, sin tendencia creciente clara."
ramp_lineal__0720_0.30_28,continuous_timeline__00978,ramp_lineal,2009-04-22 14:48:00,2009-04-23 02:47:00,720,28,0.3,0.09722222222222632,70.0,0.649513888888889,0.7163986982662675,9.683666666666666,6.937366194444445,2.74630047222222,28.360130173373243,6.778566666666666,2.74630047222222,0.22885837268518516,0.9347022222222222,0.02653127,0.020950787,0.00849249,False,18,,2009-04-22 14:48:00,2009-04-23 02:47:00,720,,,,0.041819351287775225,0.015288083,0.36557436,2.746300472222222,2.746300472222222,0.0,99.99999999999999,0.0,0.029337237,0.020950787,0.013147266,False,18,,2009-04-22 14:48:00,2009-04-23 02:47:00,720,,,,0.041819351287775225,0.012482116,0.29847702,6.778566666666667,6.778566666666667,0.0,100.0,0.0,0.022854779,0.020950787,0.0031686602,False,18,,2009-04-22 14:48:00,2009-04-23 02:47:00,720,,,,0.041819351287775225,0.018964574,0.453488,2.7463004722222215,2.7463004722222215,0.0,100.00000000000001,0.0,18,77.77777777777779,22.22222222222222,0.002693100133910775,0.001380239613354206,0.04902547597885132,0.008492490276694298,9,1,1,0,0,0.0009469669494850963,0.00042302490541686456,0.933952528379773,0.933952528379773,2009-04-23 07:23:00,0.9411764705882353,840.0,960.0,,,,D,"Tendencia creciente: >=3 ventanas evaluables, pendiente y correlacion positivas, y el score maximo cae en la 2a mitad del episodio."
ramp_lineal__1440_0.70_13,continuous_timeline__02413,ramp_lineal,2009-07-22 16:37:00,2009-07-23 16:36:00,1440,13,0.7,0.02083333333333659,30.000000000000004,0.8498958333333333,0.8608089989270069,19.561066666666665,16.838342215277777,2.7227244513888884,13.919100107299304,5.868320000000001,2.722724451388885,0.11344685214120372,0.5043158333333335,0.029497271,0.026884347,0.005401505,False,30,,2009-07-22 16:37:00,2009-07-23 16:36:00,1440,,,,0.041819351287775225,0.012322081,0.29465023,2.7227244513888893,2.7227244513888893,0.0,100.0,0.0,0.030422267,0.026884347,0.0063791387,False,30,,2009-07-22 16:37:00,2009-07-23 16:36:00,1440,,,,0.041819351287775225,0.011397086,0.2725314,5.868320000000001,5.868320000000001,0.0,100.00000000000001,0.0,0.026947625,0.026884347,0.0020458885,False,30,,2009-07-22 16:37:00,2009-07-23 16:36:00,1440,,,,0.041819351287775225,0.014871728,0.35561833,2.7227244513888897,2.7227244513888897,0.0,100.00000000000001,0.0,30,76.66666666666667,23.333333333333332,0.0009324323618784547,0.0004494227468967438,0.03047090955078602,0.005401505157351494,11,4,3,1,0,0.0002928318534547811,9.814720700295008e-05,0.43893214682981085,0.43893214682981085,2009-07-23 18:23:00,0.8620689655172413,900.0,900.0,1500.0,,,D,"Tendencia creciente: >=3 ventanas evaluables, pendiente y correlacion positivas, y el score maximo cae en la 2a mitad del episodio."
ramp_lineal__0360_0.50_09,continuous_timeline__01609,ramp_lineal,2009-01-30 16:38:00,2009-01-30 22:37:00,360,9,0.5,0.1388888888888884,50.0,0.7493055555555556,0.778283691317498,12.225866666666668,9.51519263888889,2.710674027777779,22.171630868250205,6.112933333333334,2.710674027777781,0.45177900462962967,0.9798,0.01859675,0.01752606,0.0014155572,False,12,,2009-01-30 16:38:00,2009-01-30 22:37:00,360,,,,0.041819351287775225,0.023222603,0.55530757,2.710674027777778,2.710674027777778,0.0,100.0,0.0,0.018608822,0.01752606,0.0036571668,False,12,,2009-01-30 16:38:00,2009-01-30 22:37:00,360,,,,0.041819351287775225,0.023210531,0.5550189,6.112933333333334,6.112933333333334,0.0,100.0,0.0,0.017932089,0.01752606,0.00094344,False,12,,2009-01-30 16:38:00,2009-01-30 22:37:00,360,,,,0.041819351287775225,0.023887264,0.5712012,2.7106740277777788,2.7106740277777788,0.0,100.0,0.0,12,83.33333333333334,16.666666666666664,0.0004979349905624986,0.00035158824175596237,0.006018496584147215,0.0014155572280287743,10,0,0,0,0,0.001106475561310153,9.250731233481342e-05,0.965034965034965,0.965034965034965,2009-01-31 04:23:00,1.0,,,,,,D,"Tendencia creciente: >=3 ventanas evaluables, pendiente y correlacion positivas, y el score maximo cae en la 2a mitad del episodio."
ramp_lineal__0240_0.30_00,continuous_timeline__00850,ramp_lineal,2009-12-08 06:42:00,2009-12-08 10:41:00,240,0,0.3,0.29166666666666785,70.0,0.6485416666666668,0.6770655455001715,8.390566666666667,5.680963597222222,2.7096030694444444,32.29344544998285,5.873396666666666,2.7096030694444444,0.6774007673611112,1.9191433333333332,0.01818024,0.017169606,0.001891206,False,10,,2009-12-08 06:42:00,2009-12-08 10:41:00,240,,,,0.041819351287775225,0.023639113,0.5652673,2.709603069444445,2.709603069444445,0.0,100.0,0.0,0.022209052,0.017169606,0.00637131,False,10,,2009-12-08 06:42:00,2009-12-08 10:41:00,240,,,,0.041819351287775225,0.0196103,0.46892884,5.873396666666666,5.873396666666666,0.0,100.0,0.0,0.01752199,0.017169606,0.00094951876,False,10,,2009-12-08 06:42:00,2009-12-08 10:41:00,240,,,,0.041819351287775225,0.024297362,0.5810076,2.709603069444445,2.709603069444445,0.0,100.0,0.0,10,80.0,20.0,0.001075472799129784,0.0014996142126619816,0.0108862379565835,0.00189120601862669,8,0,0,0,0,-0.0008838819565646567,0.00016873889235836088,-0.8303030303030302,-0.8303030303030302,2009-12-08 10:23:00,0.3333333333333333,,,,,,C,"Respuesta persistente: racha maxima >= 2 ventanas, sin tendencia creciente clara."
ramp_lineal__0720_0.50_04,continuous_timeline__01654,ramp_lineal,2009-02-10 16:22:00,2009-02-11 04:21:00,720,4,0.5,0.0694444444444442,50.0,0.7496527777777777,0.8100966184423796,14.22673333333333,11.525028564814814,2.701704768518516,18.990338155762036,7.113366666666665,2.7017047685185123,0.22514206404320988,1.7324305555555557,0.023891078,0.022072457,0.0049541797,False,18,,2009-02-10 16:22:00,2009-02-11 04:21:00,720,,,,0.041819351287775225,0.017928274,0.4287076,2.7017047685185185,2.7017047685185185,0.0,100.0,0.0,0.026194116,0.022072457,0.008522315,False,18,,2009-02-10 16:22:00,2009-02-11 04:21:00,720,,,,0.041819351287775225,0.015625237,0.3736365,7.113366666666665,7.113366666666665,0.0,100.0,0.0,0.02158054,0.022072457,0.001136709,False,18,,2009-02-10 16:22:00,2009-02-11 04:21:00,720,,,,0.041819351287775225,0.020238813,0.48395807,2.701704768518517,2.701704768518517,0.0,100.0,0.0,18,88.88888888888889,11.11111111111111,0.0008949830080382526,0.000350224319845438,0.016832977533340454,0.004954179748892784,8,0,0,0,0,0.0011196205516464013,0.000137485850648522,0.9298245614035088,0.9298245614035088,2009-02-11 07:23:00,0.8823529411764706,,,,,,D,"Tendencia creciente: >=3 ventanas evaluables, pendiente y correlacion positivas, y el score maximo cae en la 2a mitad del episodio."
ramp_lineal__0720_0.70_40,continuous_timeline__02390,ramp_lineal,2009-05-30 09:16:00,2009-05-30 21:15:00,720,40,0.7,0.04166666666666208,30.000000000000004,0.8497916666666667,0.839380382343098,16.7665,14.073471180555554,2.6930288194444465,16.061961765690196,5.029950000000001,2.69302881944445,0.22441906828703712,0.8525583333333335,0.038712036,0.039014008,0.00034072064,False,18,,2009-05-30 09:16:00,2009-05-30 21:15:00,720,,,,0.041819351287775225,0.0031073168,0.07430332,2.693028819444445,2.693028819444445,0.0,99.99999999999999,0.0,0.038658973,0.039014008,0.0014287848,False,18,,2009-05-30 09:16:00,2009-05-30 21:15:00,720,,,,0.041819351287775225,0.0031603798,0.075572185,5.02995,5.02995,0.0,100.0,0.0,0.038844664,0.039014008,0.0014759097,False,18,,2009-05-30 09:16:00,2009-05-30 21:15:00,720,,,,0.041819351287775225,0.002974689,0.07113188,2.693028819444448,2.693028819444448,0.0,100.0,0.0,18,22.22222222222222,77.77777777777779,-0.00013114925241097808,-8.107349276542664e-05,0.0009730998426675797,0.00034072063863277435,2,4,4,2,2,0.0011038529466533935,-3.197667514761166e-05,0.5211558307533539,0.5211558307533539,2009-05-31 01:23:00,0.9411764705882353,720.0,720.0,840.0,960.0,,D,"Tendencia creciente: >=3 ventanas evaluables, pendiente y correlacion positivas, y el score maximo cae en la 2a mitad del episodio."
ramp_lineal__0120_0.30_25,continuous_timeline__00825,ramp_lineal,2009-01-17 17:28:00,2009-01-17 19:27:00,120,25,0.3,0.5833333333333357,70.0,0.6470833333333332,0.617231239409344,6.885000000000001,4.249637083333334,2.6353629166666668,38.2768760590656,4.819500000000001,2.6353629166666668,1.3176814583333334,4.37073,0.018356832,0.018663684,0.00067242794,False,8,,2009-01-17 17:28:00,2009-01-17 19:27:00,120,,,,0.041819351287775225,0.02346252,0.5610446,2.6353629166666668,2.6353629166666668,0.0,100.0,0.0,0.01908659,0.018663684,0.0020216797,False,8,,2009-01-17 17:28:00,2009-01-17 19:27:00,120,,,,0.041819351287775225,0.022732763,0.5435943,4.8195,4.8195,0.0,100.0,0.0,0.018583555,0.018663684,0.0004330147,False,8,,2009-01-17 17:28:00,2009-01-17 19:27:00,120,,,,0.041819351287775225,0.023235798,0.5556231,2.6353629166666668,2.6353629166666668,0.0,100.0,0.0,8,62.5,37.5,0.00012977718142792583,3.817444667220116e-05,0.0014270609244704247,0.0006724279373884201,4,0,0,0,0,-0.0020149696030698373,2.211165459205706e-05,-0.9523809523809524,-0.9523809523809524,2009-01-17 19:23:00,0.14285714285714285,,,,,,C,"Respuesta persistente: racha maxima >= 2 ventanas, sin tendencia creciente clara."
ramp_lineal__0360_0.70_04,continuous_timeline__02304,ramp_lineal,2009-11-14 17:43:00,2009-11-14 23:42:00,360,4,0.7,0.08333333333333526,30.000000000000004,0.8495833333333332,0.8603749790761581,18.6523,16.04797222222222,2.6043277777777796,13.962502092384208,5.595689999999999,2.6043277777777796,0.43405462962962965,1.7388000000000003,0.022944363,0.021919372,0.0011687484,False,12,,2009-11-14 17:43:00,2009-11-14 23:42:00,360,,,,0.041819351287775225,0.01887499,0.4513458,2.604327777777778,2.604327777777778,0.0,100.00000000000001,0.0,0.02295796,0.021919372,0.0012346208,False,12,,2009-11-14 17:43:00,2009-11-14 23:42:00,360,,,,0.041819351287775225,0.018861393,0.45102066,5.59569,5.59569,0.0,100.00000000000001,0.0,0.02223262,0.021919372,0.00031324849,False,12,,2009-11-14 17:43:00,2009-11-14 23:42:00,360,,,,0.041819351287775225,0.019586733,0.46836528,2.604327777777776,2.604327777777776,0.0,99.99999999999999,0.0,12,58.333333333333336,41.66666666666667,0.00042891097837127745,0.0004601352848112583,0.005978119559586048,0.001168748363852501,6,0,0,0,0,0.0011596820786126426,0.00013630711506088292,0.965034965034965,0.965034965034965,2009-11-15 05:23:00,1.0,,,,,,D,"Tendencia creciente: >=3 ventanas evaluables, pendiente y correlacion positivas, y el score maximo cae en la 2a mitad del episodio."
ramp_lineal__0240_0.30_17,continuous_timeline__00867,ramp_lineal,2009-10-17 10:46:00,2009-10-17 14:45:00,240,17,0.3,0.29166666666666785,70.0,0.6485416666666668,0.6399280707769962,7.1937999999999995,4.603514555555555,2.5902854444444445,36.007192922300376,5.035659999999999,2.5902854444444445,0.6475713611111111,5.569695833333332,0.02879735,0.027867727,0.001937788,False,10,,2009-10-17 10:46:00,2009-10-17 14:45:00,240,,,,0.041819351287775225,0.013022002,0.31138697,2.5902854444444445,2.5902854444444445,0.0,100.0,0.0,0.035106536,0.027867727,0.0091461,False,10,,2009-10-17 10:46:00,2009-10-17 14:45:00,240,,,,0.041819351287775225,0.0067128167,0.16051938,5.035659999999999,5.035659999999999,0.0,100.0,0.0,0.027863884,0.027867727,0.0017605051,False,10,,2009-10-17 10:46:00,2009-10-17 14:45:00,240,,,,0.041819351287775225,0.013955468,0.33370838,2.5902854444444445,2.5902854444444445,0.0,100.0,0.0,10,80.0,20.0,0.0007912807050161064,0.0009190058335661888,0.008316428400576115,0.0019377879798412323,8,3,2,1,0,0.001587785842518012,4.202376938227455e-05,0.7939393939393938,0.7939393939393938,2009-10-17 17:23:00,0.6666666666666666,360.0,360.0,360.0,,,D,"Tendencia creciente: >=3 ventanas evaluables, pendiente y correlacion positivas, y el score maximo cae en la 2a mitad del episodio."
ramp_lineal__1440_0.70_01,continuous_timeline__02401,ramp_lineal,2009-07-09 21:39:00,2009-07-10 21:38:00,1440,1,0.7,0.02083333333333659,30.000000000000004,0.8498958333333333,0.8540403699607151,17.66013333333333,15.082466805555555,2.577666527777776,14.595963003928489,5.2980399999999985,2.577666527777774,0.10740277199074075,1.1695733333333331,0.03481518,0.031242238,0.0048097745,False,30,,2009-07-09 21:39:00,2009-07-10 21:38:00,1440,,,,0.041819351287775225,0.0070041716,0.16748637,2.577666527777778,2.577666527777778,0.0,100.00000000000001,0.0,0.036310732,0.031242238,0.0061959773,False,30,,2009-07-09 21:39:00,2009-07-10 21:38:00,1440,,,,0.041819351287775225,0.0055086203,0.1317242,5.298040000000001,5.298040000000001,0.0,100.0,0.0,0.032630935,0.031242238,0.0032615922,False,30,,2009-07-09 21:39:00,2009-07-10 21:38:00,1440,,,,0.041819351287775225,0.009188417,0.21971688,2.577666527777777,2.577666527777777,0.0,100.0,0.0,30,83.33333333333334,16.666666666666664,0.0010662659769877791,0.0006777383387088776,0.03315560519695282,0.004809774458408356,12,13,13,6,1,0.0003736708536992742,6.875132393916537e-05,0.7018909899888766,0.7018909899888766,2009-07-10 20:23:00,0.7586206896551724,60.0,540.0,1020.0,1080.0,,D,"Tendencia creciente: >=3 ventanas evaluables, pendiente y correlacion positivas, y el score maximo cae en la 2a mitad del episodio."
ramp_lineal__0720_0.30_03,continuous_timeline__00953,ramp_lineal,2009-05-20 16:42:00,2009-05-21 04:41:00,720,3,0.3,0.09722222222222632,70.0,0.649513888888889,0.700838347598481,8.584766666666667,6.016533685185186,2.568232981481481,29.916165240151912,6.009336666666667,2.568232981481481,0.21401941512345676,1.0698177777777773,0.032046318,0.028052637,0.009842485,False,18,,2009-05-20 16:42:00,2009-05-21 04:41:00,720,,,,0.041819351287775225,0.009773035,0.23369646,2.568232981481481,2.568232981481481,0.0,100.00000000000001,0.0,0.054091956,0.028052637,0.031530727,True,18,2009-05-21 01:23:00,2009-05-20 16:42:00,2009-05-21 04:41:00,720,521.0,True,False,0.041819351287775225,-0.012272604,-0.2934671,6.009336666666667,5.06604,0.9432966666666669,84.30281545217692,15.697184547823086,0.028842181,0.028052637,0.0037956517,False,18,,2009-05-20 16:42:00,2009-05-21 04:41:00,720,,,,0.041819351287775225,0.012977172,0.31031498,2.5682329814814806,2.5682329814814806,0.0,100.0,0.0,18,77.77777777777779,22.22222222222222,0.0034328061155974865,0.0024495571851730347,0.06366343796253204,0.009842485189437866,8,10,7,2,0,0.00022311757584905027,0.0005602373984729788,0.5087719298245614,0.5087719298245614,2009-05-21 04:23:00,0.6470588235294118,120.0,120.0,660.0,,,D,"Tendencia creciente: >=3 ventanas evaluables, pendiente y correlacion positivas, y el score maximo cae en la 2a mitad del episodio."
ramp_lineal__0360_0.30_08,continuous_timeline__00908,ramp_lineal,2009-04-30 02:30:00,2009-04-30 08:29:00,360,8,0.3,0.19444444444444153,70.0,0.6490277777777778,0.5106997070768866,5.2307999999999995,2.6713680277777785,2.559431972222221,48.93002929231133,3.6615599999999997,2.5594319722222205,0.4265719953703704,2.5499833333333335,0.020371549,0.021771222,0.0023834473,False,12,,2009-04-30 02:30:00,2009-04-30 08:29:00,360,,,,0.041819351287775225,0.021447804,0.5128679,2.5594319722222223,2.5594319722222223,0.0,100.0,0.0,0.0363355,0.021771222,0.0145642795,False,12,,2009-04-30 02:30:00,2009-04-30 08:29:00,360,,,,0.041819351287775225,0.005483851,0.13113189,3.66156,3.66156,0.0,100.0,0.0,0.024100129,0.021771222,0.0030594263,False,12,,2009-04-30 02:30:00,2009-04-30 08:29:00,360,,,,0.041819351287775225,0.017719224,0.4237087,2.5594319722222214,2.5594319722222214,0.0,100.0,0.0,12,50.0,50.0,0.000150198073242791,1.0654330253601074e-06,0.007626520935446024,0.002383447252213955,5,0,0,0,0,-0.0008616337106543611,0.0002601432526106391,-0.5874125874125874,-0.5874125874125874,2009-04-30 07:23:00,0.36363636363636365,,,,,,C,"Respuesta persistente: racha maxima >= 2 ventanas, sin tendencia creciente clara."
ramp_lineal__0720_0.70_38,continuous_timeline__02388,ramp_lineal,2009-11-29 01:58:00,2009-11-29 13:57:00,720,38,0.7,0.04166666666666208,30.000000000000004,0.8497916666666667,0.7969837789308158,12.4502,9.922607444444445,2.5275925555555556,20.30162210691841,3.7350600000000025,2.5275925555555556,0.210632712962963,1.5392766666666668,0.022839006,0.021690091,0.0017093979,False,18,,2009-11-29 01:58:00,2009-11-29 13:57:00,720,,,,0.041819351287775225,0.018980347,0.45386514,2.527592555555556,2.527592555555556,0.0,100.0,0.0,0.02375572,0.021690091,0.0020656288,False,18,,2009-11-29 01:58:00,2009-11-29 13:57:00,720,,,,0.041819351287775225,0.018063633,0.43194434,3.7350600000000003,3.7350600000000003,0.0,100.0,0.0,0.022811878,0.021690091,0.0011217874,False,18,,2009-11-29 01:58:00,2009-11-29 13:57:00,720,,,,0.041819351287775225,0.019007474,0.45451382,2.527592555555557,2.527592555555557,0.0,100.0,0.0,18,77.77777777777779,22.22222222222222,0.00043248909059911966,0.0005878424271941185,0.009881851263344288,0.0017093978822231293,12,0,0,0,0,0.0001769249439931506,-2.9473505929589148e-05,0.23426212590299278,0.23426212590299278,2009-11-29 13:23:00,0.6470588235294118,,,,,,D,"Tendencia creciente: >=3 ventanas evaluables, pendiente y correlacion positivas, y el score maximo cae en la 2a mitad del episodio."
ramp_lineal__0720_0.50_12,continuous_timeline__01662,ramp_lineal,2009-02-21 05:56:00,2009-02-21 17:55:00,720,12,0.5,0.0694444444444442,50.0,0.7496527777777777,0.7433253723174992,9.796,7.281615347222222,2.5143846527777773,25.667462768250076,4.898,2.5143846527777773,0.2095320543981481,1.1884708333333336,0.020392608,0.018680502,0.003836099,False,18,,2009-02-21 05:56:00,2009-02-21 17:55:00,720,,,,0.041819351287775225,0.021426745,0.5123643,2.5143846527777773,2.5143846527777773,0.0,100.0,0.0,0.02411882,0.018680502,0.0070824064,False,18,,2009-02-21 05:56:00,2009-02-21 17:55:00,720,,,,0.041819351287775225,0.017700532,0.42326176,4.898,4.898,0.0,100.0,0.0,0.021336988,0.018680502,0.004709011,False,18,,2009-02-21 05:56:00,2009-02-21 17:55:00,720,,,,0.041819351287775225,0.020482365,0.48978198,2.5143846527777782,2.5143846527777782,0.0,100.0,0.0,18,88.88888888888889,11.11111111111111,0.0016034842701628804,0.0015875482931733131,0.028881842270493507,0.0038360990583896637,16,0,0,0,0,0.0003703014552208781,0.00012418991233480726,0.3787409700722394,0.3787409700722394,2009-02-21 13:23:00,0.4117647058823529,,,,,,C,"Respuesta persistente: racha maxima >= 2 ventanas, sin tendencia creciente clara."
ramp_lineal__0720_0.50_24,continuous_timeline__01674,ramp_lineal,2009-09-03 07:05:00,2009-09-03 19:04:00,720,24,0.5,0.0694444444444442,50.0,0.7496527777777777,0.7853993937614162,11.6914,9.182418472222222,2.5089815277777774,21.460060623858368,5.8457,2.508981527777779,0.20908179398148144,0.8508027777777776,0.043607045,0.042753335,0.0037594382,False,18,,2009-09-03 07:05:00,2009-09-03 19:04:00,720,,,,0.041819351287775225,-0.0017876923,-0.042747967,2.5089815277777774,2.5089815277777774,0.0,100.0,0.0,0.0470406,0.042753335,0.0068776608,True,18,2009-09-03 11:23:00,2009-09-03 07:05:00,2009-09-03 19:04:00,720,258.0,True,False,0.041819351287775225,-0.0052212477,-0.12485243,5.8457,2.365583333333333,3.480116666666667,40.46706696090003,59.53293303909997,0.043630358,0.042753335,0.0024053622,False,18,,2009-09-03 07:05:00,2009-09-03 19:04:00,720,,,,0.041819351287775225,-0.0018110052,-0.043305434,2.5089815277777783,2.5089815277777783,0.0,100.0,0.0,18,83.33333333333334,16.666666666666664,0.000873935641720891,0.0004341667518019676,0.016160059720277786,0.003759438171982765,12,14,14,13,10,-0.0003826469394413921,9.74587592516398e-05,-0.40350877192982454,-0.40350877192982454,2009-09-03 15:23:00,0.47058823529411764,0.0,0.0,60.0,180.0,480.0,C,"Respuesta persistente: racha maxima >= 2 ventanas, sin tendencia creciente clara."
